2026-08-30T15:42:37.351870 | premium_query | role=doctor | code=ATH-DOC-001 | q=Show me all patients
2026-08-30T15:42:57.084567 | premium_query | role=doctor | code=ATH-DOC-002 | q=Show me all patients
2026-08-30T15:43:20.227460 | premium_query | role=doctor | code=ATH-DOC-001 | q=Show me all patients
2026-08-30T16:04:09.025995 | premium_query | role=doctor | code=ATH-DOC-001 | q=Show me all patients
2026-08-30T16:08:30.791241 | premium_query | role=doctor | code=ATH-DOC-001 | q=Show me all patients
2026-08-30T16:09:25.225188 | premium_query | role=doctor | code=ATH-DOC-001 | q=Show current admissions
2026-08-30T23:08:01.339614 | premium_query | role=doctor | code=ATH-DOC-001 | q=Show me all patients
2026-08-30T23:15:57.252297 | premium_query | role=doctor | code=ATH-DOC-001 | q=Show me all patients
{"ts": "2026-08-31T05:06:11.962274Z", "event": "premium_query", "role": "doctor", "code": "ATH-DOC-002", "question": "Show me all patients", "meta": {"db_name": "hospital_apollo", "hospital": "Apollo Demo Hospital"}}
{"ts": "2026-08-31T05:06:42.581752Z", "event": "premium_query", "role": "doctor", "code": "ATH-DOC-001", "question": "Show me all patients", "meta": {"db_name": "hospital_demo", "hospital": "City Care Hospital"}}
{"ts": "2026-08-31T05:08:55.810093Z", "event": "premium_query", "role": "doctor", "code": "ATH-DOC-001", "question": "Show me all patients", "meta": {"db_name": "hospital_demo", "hospital": "City Care Hospital"}}
{"ts": "2026-08-31T09:09:25.631882Z", "event": "premium_query", "role": "nurse", "code": "CCARE-NURSE-21095", "question": "Show me all patients", "meta": {"db_name": "hospital_demo", "hospital": "City Care Hospital"}}
{"ts": "2026-08-31T10:49:17.826795Z", "event": "premium_query", "role": "admin", "code": "CCARE-ADMIN-82962", "question": "Show me all patients", "meta": {"db_name": "hospital_demo", "hospital": "City Care Hospital"}}
{"ts": "2026-09-01T05:15:29.952888Z", "event": "premium_query", "role": "doctor", "code": "APOLV-DOC-64587", "question": "Show me all patients", "meta": {"db_name": "hospital_apollo", "hospital": "Apollo Demo Hospital"}}
{"ts": "2026-09-01T06:35:56.061550Z", "event": "premium_query", "role": "pharmacist", "code": "APOLV-PHARM-51200", "question": "Show me all patients", "meta": {"db_name": "hospital_apollo", "hospital": "Apollo Demo Hospital"}}
{"ts": "2026-09-01T07:06:08.369287Z", "event": "premium_query", "role": "pharmacist", "code": "APOLV-PHARM-51200", "question": "Show me all patients", "meta": {"db_name": "hospital_apollo", "hospital": "Apollo Demo Hospital"}}
{"ts": "2026-09-01T07:17:50.997688Z", "event": "premium_query", "role": "admin", "code": "KT-ADMIN-51200", "question": "Show me all patients", "meta": {"db_name": "H022-KonnectLIS_Test", "hospital": "KonnectLIS Test"}}
{"ts": "2026-09-01T07:29:29.192572Z", "event": "premium_query", "role": "admin", "code": "KT-ADMIN-51200", "question": "Show me all patients", "meta": {"db_name": "H022-KonnectLIS_Test", "hospital": "KonnectLIS Test"}}
{"ts": "2026-09-01T08:15:23.478843Z", "event": "premium_query", "role": "admin", "code": "KT-ADMIN-51200", "question": "Show me all patients", "meta": {"db_name": "H022-KonnectLIS_Test", "hospital": "KonnectLIS Test"}}
{"ts": "2026-09-01T09:24:54.506224Z", "event": "premium_query", "role": "admin", "code": "KT-ADMIN-51200", "question": "Show me all patients", "meta": {"db_name": "H022-KonnectLIS_Test", "hospital": "KonnectLIS Test"}}
{"ts": "2026-09-01T09:25:04.100398Z", "event": "premium_query", "role": "admin", "code": "KT-ADMIN-51200", "question": "Show current admissions", "meta": {"db_name": "H022-KonnectLIS_Test", "hospital": "KonnectLIS Test"}}
{"ts": "2026-09-01T09:25:29.109400Z", "event": "premium_query", "role": "admin", "code": "KT-ADMIN-51200", "question": "Show me all patients", "meta": {"db_name": "H022-KonnectLIS_Test", "hospital": "KonnectLIS Test"}}
{"ts": "2026-09-01T09:26:02.787481Z", "event": "premium_query", "role": "admin", "code": "KT-ADMIN-51200", "question": "show me patients from \"mstPatientRegistration\"", "meta": {"db_name": "H022-KonnectLIS_Test", "hospital": "KonnectLIS Test"}}
{"ts": "2026-09-01T09:29:05.854392Z", "event": "premium_query", "role": "admin", "code": "KT-ADMIN-51200", "question": "Show me all patients", "meta": {"db_name": "H022-KonnectLIS_Test", "hospital": "KonnectLIS Test"}}
{"ts": "2026-09-01T09:34:13.025325Z", "event": "premium_query", "role": "admin", "code": "KT-ADMIN-51200", "question": "Show me all patients", "meta": {"db_name": "H022-KonnectLIS_Test", "hospital": "KonnectLIS Test"}}
{"ts": "2026-09-01T09:34:23.585262Z", "event": "premium_query", "role": "admin", "code": "KT-ADMIN-51200", "question": "Show me all patients", "meta": {"db_name": "H022-KonnectLIS_Test", "hospital": "KonnectLIS Test"}}
{"ts": "2026-09-01T09:34:26.257318Z", "event": "premium_query", "role": "admin", "code": "KT-ADMIN-51200", "question": "Show me all patients", "meta": {"db_name": "H022-KonnectLIS_Test", "hospital": "KonnectLIS Test"}}
{"ts": "2026-09-01T09:35:09.258322Z", "event": "premium_query", "role": "admin", "code": "KT-ADMIN-51200", "question": "Show me all patients", "meta": {"db_name": "H022-KonnectLIS_Test", "hospital": "KonnectLIS Test"}}
{"ts": "2026-09-01T09:35:19.792044Z", "event": "premium_query", "role": "admin", "code": "KT-ADMIN-51200", "question": "Show current admissions", "meta": {"db_name": "H022-KonnectLIS_Test", "hospital": "KonnectLIS Test"}}
{"ts": "2026-09-01T09:35:22.807358Z", "event": "premium_query", "role": "admin", "code": "KT-ADMIN-51200", "question": "Show me all patients", "meta": {"db_name": "H022-KonnectLIS_Test", "hospital": "KonnectLIS Test"}}
{"ts": "2026-09-01T09:39:01.588115Z", "event": "premium_query", "role": "admin", "code": "KT-ADMIN-51200", "question": "Show me all patients", "meta": {"db_name": "H022-KonnectLIS_Test", "hospital": "KonnectLIS Test"}}
{"ts": "2026-09-01T09:39:10.190903Z", "event": "premium_query", "role": "admin", "code": "KT-ADMIN-51200", "question": "Show current admissions", "meta": {"db_name": "H022-KonnectLIS_Test", "hospital": "KonnectLIS Test"}}
{"ts": "2026-09-01T09:40:11.132841Z", "event": "premium_query", "role": "admin", "code": "KT-ADMIN-51200", "question": "give payment details of the patients", "meta": {"db_name": "H022-KonnectLIS_Test", "hospital": "KonnectLIS Test"}}
{"ts": "2026-09-01T09:47:36.731661Z", "event": "premium_query", "role": "admin", "code": "KT-ADMIN-51200", "question": "Show me all patients", "meta": {"db_name": "H022-KonnectLIS_Test", "hospital": "KonnectLIS Test"}}
{"ts": "2026-09-01T09:47:46.040292Z", "event": "premium_query", "role": "admin", "code": "KT-ADMIN-51200", "question": "Show me all patients", "meta": {"db_name": "H022-KonnectLIS_Test", "hospital": "KonnectLIS Test"}}
{"ts": "2026-09-01T09:50:07.545362Z", "event": "premium_query", "role": "admin", "code": "KT-ADMIN-51200", "question": "Show me all patients", "meta": {"db_name": "H022-KonnectLIS_Test", "hospital": "KonnectLIS Test"}}
{"ts": "2026-09-01T09:51:40.431293Z", "event": "premium_query", "role": "admin", "code": "KT-ADMIN-51200", "question": "How many rows in mstPatientRegistration?", "meta": {"db_name": "H022-KonnectLIS_Test", "hospital": "KonnectLIS Test"}}
{"ts": "2026-09-01T10:02:57.438650Z", "event": "premium_query", "role": "admin", "code": "KT-ADMIN-51200", "question": "Show TOP 5 patients only", "meta": {"db_name": "H022-KonnectLIS_Test", "hospital": "KonnectLIS Test"}}
{"ts": "2026-09-01T10:03:25.737097Z", "event": "premium_query", "role": "admin", "code": "KT-ADMIN-51200", "question": "Show TOP 5 payments only", "meta": {"db_name": "H022-KonnectLIS_Test", "hospital": "KonnectLIS Test"}}
{"ts": "2026-09-01T10:04:40.770034Z", "event": "premium_query", "role": "admin", "code": "KT-ADMIN-51200", "question": "Show TOP 10 purchase order", "meta": {"db_name": "H022-KonnectLIS_Test", "hospital": "KonnectLIS Test"}}
{"ts": "2026-09-01T10:04:56.662437Z", "event": "premium_query", "role": "admin", "code": "KT-ADMIN-51200", "question": "List workstations", "meta": {"db_name": "H022-KonnectLIS_Test", "hospital": "KonnectLIS Test"}}
{"ts": "2026-09-01T10:06:01.249340Z", "event": "premium_query", "role": "admin", "code": "KT-ADMIN-51200", "question": "Show payment amount and patient id for TOP 10 bills", "meta": {"db_name": "H022-KonnectLIS_Test", "hospital": "KonnectLIS Test"}}
{"ts": "2026-09-01T10:07:18.214035Z", "event": "premium_query", "role": "admin", "code": "KT-ADMIN-51200", "question": "Show TOP 10 patients registered recently", "meta": {"db_name": "H022-KonnectLIS_Test", "hospital": "KonnectLIS Test"}}
{"ts": "2026-09-01T10:07:49.944853Z", "event": "premium_query", "role": "admin", "code": "KT-ADMIN-51200", "question": "exit", "meta": {"db_name": "H022-KonnectLIS_Test", "hospital": "KonnectLIS Test"}}
{"ts": "2026-09-01T12:33:16.457060Z", "event": "admin_action", "role": null, "code": null, "question": "Updated settings: ", "meta": {"actor": "test123", "action": "Updated settings", "target": "", "changes": {"license_validity_days": 90, "normal_mode_enabled": true, "rate_limit_per_minute": 300, "extra_blocked_patterns": [], "output_redaction_enabled": true, "email_alerts_enabled": true, "webhook_url": ""}}}
{"ts": "2026-09-01T13:12:09.321857Z", "event": "premium_query", "role": "admin", "code": "KT-ADMIN-51200", "question": "\"Show me the last 10 patients registered\"", "meta": {"db_name": "H022-KonnectLIS_Test", "hospital": "KonnectLIS Test"}}
{"ts": "2026-09-01T13:12:30.856423Z", "event": "premium_query", "role": "admin", "code": "KT-ADMIN-51200", "question": "\"How many patients registered today?\"", "meta": {"db_name": "H022-KonnectLIS_Test", "hospital": "KonnectLIS Test"}}
{"ts": "2026-09-01T13:12:57.233031Z", "event": "premium_query", "role": "admin", "code": "KT-ADMIN-51200", "question": "\"Which lab tests were ordered today?\"", "meta": {"db_name": "H022-KonnectLIS_Test", "hospital": "KonnectLIS Test"}}
{"ts": "2026-09-01T13:13:41.430000Z", "event": "premium_query", "role": "admin", "code": "KT-ADMIN-51200", "question": "Which lab tests were ordered on 2026 january", "meta": {"db_name": "H022-KonnectLIS_Test", "hospital": "KonnectLIS Test"}}
{"ts": "2026-09-01T13:14:03.630872Z", "event": "premium_query", "role": "admin", "code": "KT-ADMIN-51200", "question": "\"List available test methods\" (mstMethod)", "meta": {"db_name": "H022-KonnectLIS_Test", "hospital": "KonnectLIS Test"}}
{"ts": "2026-09-01T13:14:45.065265Z", "event": "premium_query", "role": "admin", "code": "KT-ADMIN-51200", "question": "overall analysis of payments recieved", "meta": {"db_name": "H022-KonnectLIS_Test", "hospital": "KonnectLIS Test"}}
{"ts": "2026-09-01T13:15:20.914206Z", "event": "premium_query", "role": "admin", "code": "KT-ADMIN-51200", "question": "total money made from jan 2026 to july 2026", "meta": {"db_name": "H022-KonnectLIS_Test", "hospital": "KonnectLIS Test"}}
{"ts": "2026-09-01T13:17:56.746927Z", "event": "premium_query", "role": "admin", "code": "KT-ADMIN-51200", "question": "how many total branches of us are there", "meta": {"db_name": "H022-KonnectLIS_Test", "hospital": "KonnectLIS Test"}}
{"ts": "2026-09-01T13:18:38.069727Z", "event": "premium_query", "role": "admin", "code": "KT-ADMIN-51200", "question": "how much is refunded money", "meta": {"db_name": "H022-KonnectLIS_Test", "hospital": "KonnectLIS Test"}}
{"ts": "2026-09-01T13:19:18.407881Z", "event": "premium_query", "role": "admin", "code": "KT-ADMIN-51200", "question": "what is turn around time?", "meta": {"db_name": "H022-KonnectLIS_Test", "hospital": "KonnectLIS Test"}}
{"ts": "2026-09-01T13:19:42.467395Z", "event": "premium_query", "role": "admin", "code": "KT-ADMIN-51200", "question": "turn around time about konnectLIS?", "meta": {"db_name": "H022-KonnectLIS_Test", "hospital": "KonnectLIS Test"}}
{"ts": "2026-09-01T13:28:24.552028Z", "event": "premium_query", "role": "admin", "code": "KT-ADMIN-51200", "question": "how many total branches of us are there", "meta": {"db_name": "H022-KonnectLIS_Test", "hospital": "KonnectLIS Test"}}
{"ts": "2026-09-01T13:28:48.151415Z", "event": "premium_query", "role": "admin", "code": "KT-ADMIN-51200", "question": "total money made from jan 2026 to july 2026", "meta": {"db_name": "H022-KonnectLIS_Test", "hospital": "KonnectLIS Test"}}
{"ts": "2026-09-01T13:29:22.602037Z", "event": "premium_query", "role": "admin", "code": "KT-ADMIN-51200", "question": "turn around time about konnectLIS?", "meta": {"db_name": "H022-KonnectLIS_Test", "hospital": "KonnectLIS Test"}}
{"ts": "2026-09-01T13:46:04.797136Z", "event": "premium_query", "role": "admin", "code": "KT-ADMIN-51200", "question": "Cash vs UPI", "meta": {"db_name": "H022-KonnectLIS_Test", "hospital": "KonnectLIS Test"}}
{"ts": "2026-09-01T13:46:36.398709Z", "event": "premium_query", "role": "admin", "code": "KT-ADMIN-51200", "question": "- Who gave the highest discount?", "meta": {"db_name": "H022-KonnectLIS_Test", "hospital": "KonnectLIS Test"}}
{"ts": "2026-09-01T13:47:11.697179Z", "event": "premium_query", "role": "admin", "code": "KT-ADMIN-51200", "question": "- How much is outstanding from corporates?", "meta": {"db_name": "H022-KonnectLIS_Test", "hospital": "KonnectLIS Test"}}
{"ts": "2026-09-01T13:47:43.189678Z", "event": "premium_query", "role": "admin", "code": "KT-ADMIN-51200", "question": "Aug 2026 revenue", "meta": {"db_name": "H022-KonnectLIS_Test", "hospital": "KonnectLIS Test"}}
{"ts": "2026-09-01T13:48:04.282151Z", "event": "premium_query", "role": "admin", "code": "KT-ADMIN-51200", "question": "Which department has the most pending reports?", "meta": {"db_name": "H022-KonnectLIS_Test", "hospital": "KonnectLIS Test"}}
{"ts": "2026-09-01T13:48:13.996653Z", "event": "premium_query", "role": "admin", "code": "KT-ADMIN-51200", "question": "Which department made the highest revenue?", "meta": {"db_name": "H022-KonnectLIS_Test", "hospital": "KonnectLIS Test"}}
{"ts": "2026-09-01T13:48:33.293005Z", "event": "premium_query", "role": "admin", "code": "KT-ADMIN-51200", "question": "Which tests crossed TAT?", "meta": {"db_name": "H022-KonnectLIS_Test", "hospital": "KonnectLIS Test"}}
{"ts": "2026-09-01T13:48:47.175158Z", "event": "premium_query", "role": "admin", "code": "KT-ADMIN-51200", "question": "CBC count   (also recognised: Blood Sugar / FBS, Creatinine, LFT / Liver Function,    Lipid Profile, Thyroid Profile, Hb", "meta": {"db_name": "H022-KonnectLIS_Test", "hospital": "KonnectLIS Test"}}
{"ts": "2026-09-01T13:49:23.718488Z", "event": "premium_query", "role": "admin", "code": "KT-ADMIN-51200", "question": "Who gave the highest discount?", "meta": {"db_name": "H022-KonnectLIS_Test", "hospital": "KonnectLIS Test"}}
{"ts": "2026-09-01T13:50:32.102738Z", "event": "premium_query", "role": "admin", "code": "KT-ADMIN-51200", "question": "how many branches of are there?", "meta": {"db_name": "H022-KonnectLIS_Test", "hospital": "KonnectLIS Test"}}
{"ts": "2026-09-01T13:50:56.020672Z", "event": "premium_query", "role": "admin", "code": "KT-ADMIN-51200", "question": "how many branches of us are there?", "meta": {"db_name": "H022-KonnectLIS_Test", "hospital": "KonnectLIS Test"}}
{"ts": "2026-09-01T13:51:48.165931Z", "event": "premium_query", "role": "admin", "code": "KT-ADMIN-51200", "question": "total revenue from jan 2026 to aug 2026", "meta": {"db_name": "H022-KonnectLIS_Test", "hospital": "KonnectLIS Test"}}
{"ts": "2026-09-01T13:52:14.419736Z", "event": "premium_query", "role": "admin", "code": "KT-ADMIN-51200", "question": "Cancelled bills today", "meta": {"db_name": "H022-KonnectLIS_Test", "hospital": "KonnectLIS Test"}}
{"ts": "2026-09-01T13:52:39.707742Z", "event": "premium_query", "role": "admin", "code": "KT-ADMIN-51200", "question": "summary of inventory", "meta": {"db_name": "H022-KonnectLIS_Test", "hospital": "KonnectLIS Test"}}
{"ts": "2026-09-01T13:53:24.347596Z", "event": "premium_query", "role": "admin", "code": "KT-ADMIN-51200", "question": "Top referral doctors", "meta": {"db_name": "H022-KonnectLIS_Test", "hospital": "KonnectLIS Test"}}
{"ts": "2026-09-01T13:54:05.011203Z", "event": "premium_query", "role": "admin", "code": "KT-ADMIN-51200", "question": "how many male and female patients are there?", "meta": {"db_name": "H022-KonnectLIS_Test", "hospital": "KonnectLIS Test"}}
{"ts": "2026-09-01T13:54:40.694723Z", "event": "premium_query", "role": "admin", "code": "KT-ADMIN-51200", "question": "Which department made the highest revenue?", "meta": {"db_name": "H022-KonnectLIS_Test", "hospital": "KonnectLIS Test"}}
{"ts": "2026-09-01T13:54:59.892921Z", "event": "premium_query", "role": "admin", "code": "KT-ADMIN-51200", "question": "Which department has the most pending reports?", "meta": {"db_name": "H022-KonnectLIS_Test", "hospital": "KonnectLIS Test"}}
{"ts": "2026-09-01T13:55:22.129423Z", "event": "premium_query", "role": "admin", "code": "KT-ADMIN-51200", "question": "How many CBC in 2026", "meta": {"db_name": "H022-KonnectLIS_Test", "hospital": "KonnectLIS Test"}}
{"ts": "2026-09-01T13:55:32.382114Z", "event": "premium_query", "role": "admin", "code": "KT-ADMIN-51200", "question": "CBC count   (also recognised: Blood Sugar / FBS, Creatinine, LFT / Liver Function,    Lipid Profile, Thyroid Profile, Hb", "meta": {"db_name": "H022-KonnectLIS_Test", "hospital": "KonnectLIS Test"}}
{"ts": "2026-09-01T13:56:00.186367Z", "event": "premium_query", "role": "admin", "code": "KT-ADMIN-51200", "question": "how many tests were taken by male on may 2026", "meta": {"db_name": "H022-KonnectLIS_Test", "hospital": "KonnectLIS Test"}}
{"ts": "2026-09-01T13:56:22.674215Z", "event": "premium_query", "role": "admin", "code": "KT-ADMIN-51200", "question": "how many tests were taken by female on april 2026", "meta": {"db_name": "H022-KonnectLIS_Test", "hospital": "KonnectLIS Test"}}
{"ts": "2026-09-01T13:56:38.384349Z", "event": "premium_query", "role": "admin", "code": "KT-ADMIN-51200", "question": "how many tests were taken by male on  2026", "meta": {"db_name": "H022-KonnectLIS_Test", "hospital": "KonnectLIS Test"}}
{"ts": "2026-09-01T13:57:29.562364Z", "event": "premium_query", "role": "admin", "code": "KT-ADMIN-51200", "question": "What's the collection efficiency percentage?", "meta": {"db_name": "H022-KonnectLIS_Test", "hospital": "KonnectLIS Test"}}
{"ts": "2026-09-01T13:57:47.750324Z", "event": "premium_query", "role": "admin", "code": "KT-ADMIN-51200", "question": "Which corporate should we chase first?", "meta": {"db_name": "H022-KonnectLIS_Test", "hospital": "KonnectLIS Test"}}
{"ts": "2026-09-01T13:58:06.783864Z", "event": "premium_query", "role": "admin", "code": "KT-ADMIN-51200", "question": "Summarise the three biggest risks right now", "meta": {"db_name": "H022-KonnectLIS_Test", "hospital": "KonnectLIS Test"}}
{"ts": "2026-09-01T13:58:19.590967Z", "event": "premium_query", "role": "admin", "code": "KT-ADMIN-51200", "question": "Summarise the three biggest risks right now according to KnnoectLIS", "meta": {"db_name": "H022-KonnectLIS_Test", "hospital": "KonnectLIS Test"}}
{"ts": "2026-09-01T13:58:57.784755Z", "event": "premium_query", "role": "admin", "code": "KT-ADMIN-51200", "question": "Compare last month with may 2026", "meta": {"db_name": "H022-KonnectLIS_Test", "hospital": "KonnectLIS Test"}}
{"ts": "2026-09-01T13:59:32.047196Z", "event": "premium_query", "role": "admin", "code": "KT-ADMIN-51200", "question": "Compare cash inflow to KonnectLIS last month with may 2026", "meta": {"db_name": "H022-KonnectLIS_Test", "hospital": "KonnectLIS Test"}}
{"ts": "2026-09-01T13:59:35.012124Z", "event": "premium_query", "role": "admin", "code": "KT-ADMIN-51200", "question": "Show me all patients", "meta": {"db_name": "H022-KonnectLIS_Test", "hospital": "KonnectLIS Test"}}
{"ts": "2026-09-01T14:00:26.507789Z", "event": "premium_query", "role": "admin", "code": "KT-ADMIN-51200", "question": "how many were admitted in 2026", "meta": {"db_name": "H022-KonnectLIS_Test", "hospital": "KonnectLIS Test"}}
{"ts": "2026-09-01T14:01:01.495260Z", "event": "premium_query", "role": "admin", "code": "KT-ADMIN-51200", "question": "7 days trend", "meta": {"db_name": "H022-KonnectLIS_Test", "hospital": "KonnectLIS Test"}}
{"ts": "2026-09-02T04:52:15.864852Z", "event": "admin_login", "role": null, "code": null, "question": "", "meta": {"actor": "test123"}}
{"ts": "2026-09-02T05:42:45.344856Z", "event": "premium_query", "role": "admin", "code": "KT-ADMIN-51200", "question": "Show me all patients", "meta": {"db_name": "H022-KonnectLIS_Test", "hospital": "KonnectLIS Test"}}
{"ts": "2026-09-02T05:51:52.272396Z", "event": "premium_query", "role": "admin", "code": "KT-ADMIN-51200", "question": "Show me all patients", "meta": {"db_name": "H022-KonnectLIS_Test", "hospital": "KonnectLIS Test"}}
{"ts": "2026-09-02T05:52:38.202774Z", "event": "premium_query", "role": "admin", "code": "KT-ADMIN-51200", "question": "how many male and female patients are there below the age 40", "meta": {"db_name": "H022-KonnectLIS_Test", "hospital": "KonnectLIS Test"}}
{"ts": "2026-09-02T05:53:00.953245Z", "event": "premium_query", "role": "admin", "code": "KT-ADMIN-51200", "question": "how many male and female patients are there", "meta": {"db_name": "H022-KonnectLIS_Test", "hospital": "KonnectLIS Test"}}
{"ts": "2026-09-02T05:53:22.617836Z", "event": "premium_query", "role": "admin", "code": "KT-ADMIN-51200", "question": "how many male and female patients are there above 65", "meta": {"db_name": "H022-KonnectLIS_Test", "hospital": "KonnectLIS Test"}}
{"ts": "2026-09-02T05:53:40.681370Z", "event": "premium_query", "role": "admin", "code": "KT-ADMIN-51200", "question": "how many male and female patients are there above 80", "meta": {"db_name": "H022-KonnectLIS_Test", "hospital": "KonnectLIS Test"}}
{"ts": "2026-09-02T06:03:09.019664Z", "event": "premium_query", "role": "admin", "code": "KT-ADMIN-51200", "question": "show me top 5 patients", "meta": {"db_name": "H022-KonnectLIS_Test", "hospital": "KonnectLIS Test"}}
{"ts": "2026-09-02T06:03:46.843215Z", "event": "premium_query", "role": "admin", "code": "KT-ADMIN-51200", "question": "download a report pdf about \"DEVANSH \u00b7 UHID: KDX26929648 \u00b7 Age: 3 \u00b7 Gender: M \u00b7 Reg Date: 2026-08-28\" patient", "meta": {"db_name": "H022-KonnectLIS_Test", "hospital": "KonnectLIS Test"}}
{"ts": "2026-09-02T06:32:18.240789Z", "event": "premium_query", "role": "admin", "code": "KT-ADMIN-51200", "question": "show me top 5 patients starting with letter r", "meta": {"db_name": "H022-KonnectLIS_Test", "hospital": "KonnectLIS Test"}}
{"ts": "2026-09-02T06:41:08.966544Z", "event": "premium_query", "role": "admin", "code": "KT-ADMIN-51200", "question": "show me top 5 patients", "meta": {"db_name": "H022-KonnectLIS_Test", "hospital": "KonnectLIS Test"}}
{"ts": "2026-09-02T07:20:01.319425Z", "event": "premium_query", "role": "admin", "code": "KT-ADMIN-51200", "question": "Show TOP 5 from mstPatientRegistration", "meta": {"db_name": "H022-KonnectLIS_Test", "hospital": "KonnectLIS Test"}}
{"ts": "2026-09-02T07:20:30.249948Z", "event": "premium_query", "role": "admin", "code": "KT-ADMIN-51200", "question": "Describe table daycollection_mobileapp", "meta": {"db_name": "H022-KonnectLIS_Test", "hospital": "KonnectLIS Test"}}
{"ts": "2026-09-02T07:20:49.534073Z", "event": "premium_query", "role": "admin", "code": "KT-ADMIN-51200", "question": "Describe table trnmodeofcollectionsdet", "meta": {"db_name": "H022-KonnectLIS_Test", "hospital": "KonnectLIS Test"}}
{"ts": "2026-09-02T07:21:07.380432Z", "event": "premium_query", "role": "admin", "code": "KT-ADMIN-51200", "question": "Describe table trntempdaycollall", "meta": {"db_name": "H022-KonnectLIS_Test", "hospital": "KonnectLIS Test"}}
{"ts": "2026-09-02T07:22:09.522682Z", "event": "premium_query", "role": "admin", "code": "KT-ADMIN-51200", "question": "Describe table trnmodeofcollectionsdet", "meta": {"db_name": "H022-KonnectLIS_Test", "hospital": "KonnectLIS Test"}}
{"ts": "2026-09-02T07:22:37.381379Z", "event": "premium_query", "role": "admin", "code": "KT-ADMIN-51200", "question": "Show TOP 10 from daycollection_mobileapp", "meta": {"db_name": "H022-KonnectLIS_Test", "hospital": "KonnectLIS Test"}}
{"ts": "2026-09-02T07:22:53.916010Z", "event": "premium_query", "role": "admin", "code": "KT-ADMIN-51200", "question": "What columns look like amount, date, branch, payment mode?", "meta": {"db_name": "H022-KonnectLIS_Test", "hospital": "KonnectLIS Test"}}
{"ts": "2026-09-02T07:26:41.851831Z", "event": "premium_query", "role": "admin", "code": "KT-ADMIN-51200", "question": "Show distinct LOCATION from trntempdaycollall", "meta": {"db_name": "H022-KonnectLIS_Test", "hospital": "KonnectLIS Test"}}
{"ts": "2026-09-02T07:27:22.064516Z", "event": "premium_query", "role": "admin", "code": "KT-ADMIN-51200", "question": "Sum TOTALCASH, TOTALUPI, TOTALCREDITCARDS from trntempdaycollall for latest date", "meta": {"db_name": "H022-KonnectLIS_Test", "hospital": "KonnectLIS Test"}}
{"ts": "2026-09-02T07:28:00.280304Z", "event": "premium_query", "role": "admin", "code": "KT-ADMIN-51200", "question": "Day collection for kukatpally on 22nd July 2026", "meta": {"db_name": "H022-KonnectLIS_Test", "hospital": "KonnectLIS Test"}}
{"ts": "2026-09-02T07:28:24.575302Z", "event": "premium_query", "role": "admin", "code": "KT-ADMIN-51200", "question": "Show day collection summary from trntempdaycollall for the latest bill date", "meta": {"db_name": "H022-KonnectLIS_Test", "hospital": "KonnectLIS Test"}}
{"ts": "2026-09-02T07:28:46.215580Z", "event": "premium_query", "role": "admin", "code": "KT-ADMIN-51200", "question": "Show TOP 10 from trnmodeofcollectionsdet where MODE is not null", "meta": {"db_name": "H022-KonnectLIS_Test", "hospital": "KonnectLIS Test"}}
{"ts": "2026-09-02T08:35:32.632517Z", "event": "admin_action", "role": null, "code": null, "question": "Updated institution: Apollo Demo Hospital", "meta": {"actor": "test123", "action": "Updated institution", "target": "Apollo Demo Hospital", "changes": {"status": "Inactive"}}}
{"ts": "2026-09-02T08:35:34.063535Z", "event": "admin_action", "role": null, "code": null, "question": "Updated institution: City Care Hospital", "meta": {"actor": "test123", "action": "Updated institution", "target": "City Care Hospital", "changes": {"status": "Inactive"}}}
{"ts": "2026-09-02T08:46:41.948315Z", "event": "invalid_code_attempt", "role": null, "code": "KT-ADMIN-51200", "question": "", "meta": {"reason": "invalid_code"}}
{"ts": "2026-09-02T08:46:58.332494Z", "event": "invalid_code_attempt", "role": null, "code": "KT-ADMIN-51200", "question": "", "meta": {"reason": "invalid_code"}}
{"ts": "2026-09-02T08:48:32.635681Z", "event": "admin_action", "role": null, "code": null, "question": "Created institution: AthenTech", "meta": {"actor": "test123", "action": "Created institution", "target": "AthenTech"}}
{"ts": "2026-09-02T08:48:57.138858Z", "event": "admin_action", "role": null, "code": null, "question": "Generated license: AT-ADMIN-46506", "meta": {"actor": "test123", "action": "Generated license", "target": "AT-ADMIN-46506"}}
{"ts": "2026-09-02T08:49:12.745507Z", "event": "premium_query", "role": "admin", "code": "AT-ADMIN-46506", "question": "Show me all patients", "meta": {"db_name": "H022-KonnectLIS_Test", "hospital": "AthenTech"}}
{"ts": "2026-09-02T08:50:59.871854Z", "event": "premium_query", "role": "admin", "code": "AT-ADMIN-46506", "question": "Give UHID of the patient \"GUNNALA SRINIVAS REDDY \u00b7 Age: 50 \u00b7 Gender: M \u00b7 Reg Date: 2026-08-27\"", "meta": {"db_name": "H022-KonnectLIS_Test", "hospital": "AthenTech"}}
{"ts": "2026-09-02T08:51:24.392941Z", "event": "premium_query", "role": "admin", "code": "AT-ADMIN-46506", "question": "give UHID of \"10. SHANKAR \u00b7 Age: 45 \u00b7 Gender: M \u00b7 Reg Date: 2026-08-27\"", "meta": {"db_name": "H022-KonnectLIS_Test", "hospital": "AthenTech"}}
{"ts": "2026-09-02T08:51:43.103767Z", "event": "premium_query", "role": "admin", "code": "AT-ADMIN-46506", "question": "give UHID of patients", "meta": {"db_name": "H022-KonnectLIS_Test", "hospital": "AthenTech"}}
{"ts": "2026-09-02T09:29:24.566705Z", "event": "premium_query", "role": "admin", "code": "AT-ADMIN-46506", "question": "Two separate things:  Why Kukatpally failed on that query How this works across many hospitals with different DBs/tables", "meta": {"db_name": "H022-KonnectLIS_Test", "hospital": "AthenTech"}}
{"ts": "2026-09-02T09:29:44.209336Z", "event": "premium_query", "role": "admin", "code": "AT-ADMIN-46506", "question": "Show TOP 5 from trntempdaycollall where LOCATION like '%Kukatpally%'", "meta": {"db_name": "H022-KonnectLIS_Test", "hospital": "AthenTech"}}
{"ts": "2026-09-02T09:30:03.906987Z", "event": "premium_query", "role": "admin", "code": "AT-ADMIN-46506", "question": "Show distinct BILLDATE from trntempdaycollall where LOCATION = 'Kukatpally'", "meta": {"db_name": "H022-KonnectLIS_Test", "hospital": "AthenTech"}}
{"ts": "2026-09-02T09:30:22.499898Z", "event": "premium_query", "role": "admin", "code": "AT-ADMIN-46506", "question": "Show TOP 5 from trntempdaycollall where LOCATION = 'Kukatpally' order by BILLDATE desc", "meta": {"db_name": "H022-KonnectLIS_Test", "hospital": "AthenTech"}}
{"ts": "2026-09-02T09:31:01.898209Z", "event": "premium_query", "role": "admin", "code": "AT-ADMIN-46506", "question": "Sum TOTALCASH, TOTALUPI, TOTALCREDITCARDS from trntempdaycollall for BILLDATE on latest date grouped by LOCATION", "meta": {"db_name": "H022-KonnectLIS_Test", "hospital": "AthenTech"}}
{"ts": "2026-09-02T09:34:16.156025Z", "event": "admin_action", "role": null, "code": null, "question": "Created institution: lisapp_prod", "meta": {"actor": "test123", "action": "Created institution", "target": "lisapp_prod"}}
{"ts": "2026-09-02T09:34:36.877190Z", "event": "admin_action", "role": null, "code": null, "question": "Generated license: LP-ADMIN-75611", "meta": {"actor": "test123", "action": "Generated license", "target": "LP-ADMIN-75611"}}
{"ts": "2026-09-02T09:34:54.794106Z", "event": "premium_query", "role": "admin", "code": "LP-ADMIN-75611", "question": "Show me all patients", "meta": {"db_name": "H022-KonnectLIS", "hospital": "lisapp_prod"}}
{"ts": "2026-09-02T10:50:49.833620Z", "event": "admin_login", "role": null, "code": null, "question": "", "meta": {"actor": "test123"}}
{"ts": "2026-09-02T10:52:45.525867Z", "event": "admin_action", "role": null, "code": null, "question": "Created institution: AthenTech-prod", "meta": {"actor": "test123", "action": "Created institution", "target": "AthenTech-prod"}}
{"ts": "2026-09-02T10:53:06.662854Z", "event": "admin_action", "role": null, "code": null, "question": "Generated license: ATH-ADMIN-75607", "meta": {"actor": "test123", "action": "Generated license", "target": "ATH-ADMIN-75607"}}
{"ts": "2026-09-02T10:53:23.407335Z", "event": "premium_query", "role": "admin", "code": "ATH-ADMIN-75607", "question": "Show me all patients", "meta": {"db_name": "H022-KonnectLIS", "hospital": "AthenTech-prod"}}
{"ts": "2026-09-02T10:53:38.625474Z", "event": "premium_query", "role": "admin", "code": "ATH-ADMIN-75607", "question": "Show current admissions", "meta": {"db_name": "H022-KonnectLIS", "hospital": "AthenTech-prod"}}
{"ts": "2026-09-02T10:59:44.457693Z", "event": "premium_query", "role": "admin", "code": "ATH-ADMIN-75607", "question": "Show me all patients", "meta": {"db_name": "H022-KonnectLIS", "hospital": "AthenTech-prod"}}
{"ts": "2026-09-02T11:04:37.241702Z", "event": "admin_action", "role": null, "code": null, "question": "Updated institution: AthenTech-prod", "meta": {"actor": "test123", "action": "Updated institution", "target": "AthenTech-prod", "changes": {"name": "AthenTech-prod", "client_prefix": "ATH", "db_name": "H022-KonnectLIS", "db_server": "p2.athentech.in,52434", "db_user": "lisapp_prod", "db_password": "Proc_Amrpp#2981J#@!", "type": "Hospital", "city": "Hyderabad", "status": "Active"}}}
{"ts": "2026-09-02T11:14:40.222222Z", "event": "admin_action", "role": null, "code": null, "question": "Created institution: sfdsfdsdf", "meta": {"actor": "test123", "action": "Created institution", "target": "sfdsfdsdf"}}
{"ts": "2026-09-02T11:18:43.287593Z", "event": "admin_action", "role": null, "code": null, "question": "Updated institution: dsfsdfs", "meta": {"actor": "test123", "action": "Updated institution", "target": "dsfsdfs", "changes": {"name": "dsfsdfs", "client_prefix": "LP", "db_name": "sefsdf", "db_server": null, "db_user": null, "db_password": null, "type": "Diagnostic", "city": "Hyderabad", "status": "Active"}}}
{"ts": "2026-09-02T11:19:19.000942Z", "event": "premium_query", "role": "admin", "code": "AT-ADMIN-46506", "question": "Show me all patients", "meta": {"db_name": "H022-KonnectLIS_Test", "hospital": "AthenTech"}}
{"ts": "2026-09-02T11:23:41.055021Z", "event": "admin_action", "role": null, "code": null, "question": "Updated institution: AthenTech-prod", "meta": {"actor": "test123", "action": "Updated institution", "target": "AthenTech-prod", "changes": {"name": "AthenTech-prod", "client_prefix": "ATH", "db_name": "H022-KonnectLIS", "db_server": "p2.athentech.in,52434", "db_user": "lisapp_prod", "db_password": "Proc_Amrpp#2981J#@!", "type": "Hospital", "city": "Hyderabad", "status": "Active"}}}
{"ts": "2026-09-02T11:24:03.654097Z", "event": "premium_query", "role": "admin", "code": "ATH-ADMIN-75607", "question": "Show me all patients", "meta": {"db_name": "H022-KonnectLIS", "hospital": "AthenTech-prod"}}
{"ts": "2026-09-02T11:24:13.376757Z", "event": "admin_action", "role": null, "code": null, "question": "Set license status to Suspended: ATH-ADMIN-75607", "meta": {"actor": "test123", "action": "Set license status to Suspended", "target": "ATH-ADMIN-75607"}}
{"ts": "2026-09-02T11:24:36.602511Z", "event": "admin_action", "role": null, "code": null, "question": "Generated license: ATH-ADMIN-77710", "meta": {"actor": "test123", "action": "Generated license", "target": "ATH-ADMIN-77710"}}
{"ts": "2026-09-02T11:24:52.445513Z", "event": "premium_query", "role": "admin", "code": "ATH-ADMIN-77710", "question": "Show me all patients", "meta": {"db_name": "H022-KonnectLIS", "hospital": "AthenTech-prod"}}
{"ts": "2026-09-02T11:25:31.707823Z", "event": "admin_action", "role": null, "code": null, "question": "Updated institution: sdf-sdfsdf", "meta": {"actor": "test123", "action": "Updated institution", "target": "sdf-sdfsdf", "changes": {"name": "sdf-sdfsdf", "client_prefix": "SDFS", "db_name": "dsf", "db_server": null, "db_user": null, "db_password": null, "type": "Hospital", "city": "Hyderabad", "status": "Active"}}}
{"ts": "2026-09-02T11:26:04.872641Z", "event": "admin_action", "role": null, "code": null, "question": "Created institution: AthenTech-prod", "meta": {"actor": "test123", "action": "Created institution", "target": "AthenTech-prod"}}
{"ts": "2026-09-02T11:26:42.693349Z", "event": "admin_action", "role": null, "code": null, "question": "Generated license: ATH-P-ADMIN-55500", "meta": {"actor": "test123", "action": "Generated license", "target": "ATH-P-ADMIN-55500"}}
{"ts": "2026-09-02T11:26:55.611691Z", "event": "premium_query", "role": "admin", "code": "ATH-P-ADMIN-55500", "question": "Show me all patients", "meta": {"db_name": "H022-KonnectLIS", "hospital": "AthenTech-prod"}}
{"ts": "2026-09-02T12:39:52.679993Z", "event": "premium_query", "role": "admin", "code": "ATH-P-ADMIN-55500", "question": "Show me all patients", "meta": {"db_name": "H022-KonnectLIS", "hospital": "AthenTech-prod"}}
{"ts": "2026-09-02T12:43:35.785999Z", "event": "premium_query", "role": "admin", "code": "ATH-P-ADMIN-55500", "question": "Show me all patients", "meta": {"db_name": "H022-KonnectLIS", "hospital": "AthenTech-prod"}}
{"ts": "2026-09-02T12:43:37.484651Z", "event": "premium_query", "role": "admin", "code": "ATH-P-ADMIN-55500", "question": "Show me all patients", "meta": {"db_name": "H022-KonnectLIS", "hospital": "AthenTech-prod"}}
{"ts": "2026-09-02T12:44:15.770530Z", "event": "premium_query", "role": "admin", "code": "ATH-P-ADMIN-55500", "question": "Show current admissions", "meta": {"db_name": "H022-KonnectLIS", "hospital": "AthenTech-prod"}}
{"ts": "2026-09-02T12:57:40.646410Z", "event": "premium_query", "role": "admin", "code": "ATH-P-ADMIN-55500", "question": "Show me all patients", "meta": {"db_name": "H022-KonnectLIS", "hospital": "AthenTech-prod"}}
{"ts": "2026-09-02T12:57:42.169820Z", "event": "premium_query", "role": "admin", "code": "ATH-P-ADMIN-55500", "question": "Show current admissions", "meta": {"db_name": "H022-KonnectLIS", "hospital": "AthenTech-prod"}}
{"ts": "2026-09-02T13:01:21.218647Z", "event": "premium_query", "role": "admin", "code": "ATH-P-ADMIN-55500", "question": "Show me all patients", "meta": {"db_name": "H022-KonnectLIS", "hospital": "AthenTech-prod"}}
{"ts": "2026-09-02T13:04:22.120019Z", "event": "premium_query", "role": "admin", "code": "ATH-P-ADMIN-55500", "question": "Show me all patients", "meta": {"db_name": "H022-KonnectLIS", "hospital": "AthenTech-prod"}}
{"ts": "2026-09-02T13:10:01.203510Z", "event": "premium_query", "role": "admin", "code": "ATH-P-ADMIN-55500", "question": "How much did we collect yesterday?", "meta": {"db_name": "H022-KonnectLIS", "hospital": "AthenTech-prod"}}
{"ts": "2026-09-02T13:10:28.524101Z", "event": "premium_query", "role": "admin", "code": "ATH-P-ADMIN-55500", "question": "How are we doing today?", "meta": {"db_name": "H022-KonnectLIS", "hospital": "AthenTech-prod"}}
{"ts": "2026-09-02T13:10:54.882115Z", "event": "premium_query", "role": "admin", "code": "ATH-P-ADMIN-55500", "question": "How much is outstanding from corporates?", "meta": {"db_name": "H022-KonnectLIS", "hospital": "AthenTech-prod"}}
{"ts": "2026-09-02T13:11:16.206803Z", "event": "premium_query", "role": "admin", "code": "ATH-P-ADMIN-55500", "question": "How many patients today?", "meta": {"db_name": "H022-KonnectLIS", "hospital": "AthenTech-prod"}}
{"ts": "2026-09-02T13:11:26.727297Z", "event": "premium_query", "role": "admin", "code": "ATH-P-ADMIN-55500", "question": "New vs repeat patients", "meta": {"db_name": "H022-KonnectLIS", "hospital": "AthenTech-prod"}}
{"ts": "2026-09-02T13:11:42.075275Z", "event": "premium_query", "role": "admin", "code": "ATH-P-ADMIN-55500", "question": "New vs repeat patients this month", "meta": {"db_name": "H022-KonnectLIS", "hospital": "AthenTech-prod"}}
{"ts": "2026-09-02T13:12:04.627524Z", "event": "premium_query", "role": "admin", "code": "ATH-P-ADMIN-55500", "question": "New vs repeat patients last month", "meta": {"db_name": "H022-KonnectLIS", "hospital": "AthenTech-prod"}}
{"ts": "2026-09-02T13:12:26.546977Z", "event": "premium_query", "role": "admin", "code": "ATH-P-ADMIN-55500", "question": "Gender split", "meta": {"db_name": "H022-KonnectLIS", "hospital": "AthenTech-prod"}}
{"ts": "2026-09-02T13:12:38.602723Z", "event": "premium_query", "role": "admin", "code": "ATH-P-ADMIN-55500", "question": "Top referral doctors", "meta": {"db_name": "H022-KonnectLIS", "hospital": "AthenTech-prod"}}
{"ts": "2026-09-02T13:13:08.851770Z", "event": "premium_query", "role": "admin", "code": "ATH-P-ADMIN-55500", "question": "Acquisition channels", "meta": {"db_name": "H022-KonnectLIS", "hospital": "AthenTech-prod"}}
{"ts": "2026-09-02T13:13:38.241250Z", "event": "premium_query", "role": "admin", "code": "ATH-P-ADMIN-55500", "question": "Lab status", "meta": {"db_name": "H022-KonnectLIS", "hospital": "AthenTech-prod"}}
{"ts": "2026-09-02T13:13:53.601045Z", "event": "premium_query", "role": "admin", "code": "ATH-P-ADMIN-55500", "question": "Which department has the most pending reports?", "meta": {"db_name": "H022-KonnectLIS", "hospital": "AthenTech-prod"}}
{"ts": "2026-09-02T13:14:18.900580Z", "event": "premium_query", "role": "admin", "code": "ATH-P-ADMIN-55500", "question": "Microbiology pending", "meta": {"db_name": "H022-KonnectLIS", "hospital": "AthenTech-prod"}}
{"ts": "2026-09-02T13:14:31.193061Z", "event": "premium_query", "role": "admin", "code": "ATH-P-ADMIN-55500", "question": "Reports pending today", "meta": {"db_name": "H022-KonnectLIS", "hospital": "AthenTech-prod"}}
{"ts": "2026-09-02T13:14:47.484806Z", "event": "premium_query", "role": "admin", "code": "ATH-P-ADMIN-55500", "question": "radiology tests", "meta": {"db_name": "H022-KonnectLIS", "hospital": "AthenTech-prod"}}
{"ts": "2026-09-02T13:15:00.334889Z", "event": "premium_query", "role": "admin", "code": "ATH-P-ADMIN-55500", "question": "Biochemistry today", "meta": {"db_name": "H022-KonnectLIS", "hospital": "AthenTech-prod"}}
{"ts": "2026-09-02T13:15:21.257492Z", "event": "premium_query", "role": "admin", "code": "ATH-P-ADMIN-55500", "question": "Reports pending more than 24 hours", "meta": {"db_name": "H022-KonnectLIS", "hospital": "AthenTech-prod"}}
{"ts": "2026-09-02T13:15:47.131357Z", "event": "premium_query", "role": "admin", "code": "ATH-P-ADMIN-55500", "question": "how many biochemistry tests were conducted on August 2026", "meta": {"db_name": "H022-KonnectLIS", "hospital": "AthenTech-prod"}}
{"ts": "2026-09-02T13:16:03.952916Z", "event": "premium_query", "role": "admin", "code": "ATH-P-ADMIN-55500", "question": "how many biochemistry tests were conducted last month", "meta": {"db_name": "H022-KonnectLIS", "hospital": "AthenTech-prod"}}
{"ts": "2026-09-02T13:20:25.332353Z", "event": "admin_action", "role": null, "code": null, "question": "Deleted license: LP-ADMIN-75611", "meta": {"actor": "test123", "action": "Deleted license", "target": "LP-ADMIN-75611"}}
{"ts": "2026-09-02T13:20:29.963799Z", "event": "admin_action", "role": null, "code": null, "question": "Deleted license: ATH-ADMIN-75607", "meta": {"actor": "test123", "action": "Deleted license", "target": "ATH-ADMIN-75607"}}
{"ts": "2026-09-02T13:20:32.720981Z", "event": "admin_action", "role": null, "code": null, "question": "Deleted license: ATH-ADMIN-77710", "meta": {"actor": "test123", "action": "Deleted license", "target": "ATH-ADMIN-77710"}}
{"ts": "2026-09-02T13:20:47.027608Z", "event": "admin_action", "role": null, "code": null, "question": "Deleted institution: sfdsfdsdf", "meta": {"actor": "test123", "action": "Deleted institution", "target": "sfdsfdsdf", "licenses_removed": 0}}
{"ts": "2026-09-02T13:20:49.839921Z", "event": "admin_action", "role": null, "code": null, "question": "Deleted institution: sdf-sdfsdf", "meta": {"actor": "test123", "action": "Deleted institution", "target": "sdf-sdfsdf", "licenses_removed": 0}}
{"ts": "2026-09-02T13:20:52.825769Z", "event": "admin_action", "role": null, "code": null, "question": "Deleted institution: dsfsdfs", "meta": {"actor": "test123", "action": "Deleted institution", "target": "dsfsdfs", "licenses_removed": 0}}
{"ts": "2026-09-02T13:22:00.719935Z", "event": "premium_query", "role": "admin", "code": "AT-ADMIN-46506", "question": "Show me all patients", "meta": {"db_name": "H022-KonnectLIS_Test", "hospital": "AthenTech"}}
{"ts": "2026-09-02T13:25:42.958168Z", "event": "premium_query", "role": "admin", "code": "ATH-P-ADMIN-55500", "question": "Show me all patients", "meta": {"db_name": "H022-KonnectLIS", "hospital": "AthenTech-prod"}}
{"ts": "2026-09-02T13:32:51.230481Z", "event": "premium_query", "role": "admin", "code": "ATH-P-ADMIN-55500", "question": "download a smart report for UHID:- \"KDX26929648\"", "meta": {"db_name": "H022-KonnectLIS", "hospital": "AthenTech-prod"}}
{"ts": "2026-09-02T13:33:12.715611Z", "event": "premium_query", "role": "admin", "code": "ATH-P-ADMIN-55500", "question": "download a smart lab report for UHID- KDX26929648", "meta": {"db_name": "H022-KonnectLIS", "hospital": "AthenTech-prod"}}
{"ts": "2026-09-07T05:17:59.229949Z", "event": "admin_login", "role": null, "code": null, "question": "", "meta": {"actor": "test123"}}
{"ts": "2026-09-07T05:19:00.259077Z", "event": "premium_query", "role": "admin", "code": "ATH-P-ADMIN-55500", "question": "Show me all patients", "meta": {"db_name": "H022-KonnectLIS", "hospital": "AthenTech-prod"}}
{"ts": "2026-09-07T05:19:29.332537Z", "event": "premium_query", "role": "admin", "code": "ATH-P-ADMIN-55500", "question": "show yesterday's patients", "meta": {"db_name": "H022-KonnectLIS", "hospital": "AthenTech-prod"}}
{"ts": "2026-09-07T05:19:51.014945Z", "event": "premium_query", "role": "admin", "code": "ATH-P-ADMIN-55500", "question": "how much was TAT?", "meta": {"db_name": "H022-KonnectLIS", "hospital": "AthenTech-prod"}}
{"ts": "2026-09-07T05:20:14.529751Z", "event": "premium_query", "role": "admin", "code": "AT-ADMIN-46506", "question": "Show me all patients", "meta": {"db_name": "H022-KonnectLIS_Test", "hospital": "AthenTech"}}
{"ts": "2026-09-07T05:23:23.442361Z", "event": "admin_login", "role": null, "code": null, "question": "", "meta": {"actor": "test123"}}
{"ts": "2026-09-07T05:24:07.819396Z", "event": "premium_query", "role": "admin", "code": "ATH-P-ADMIN-55500", "question": "Show me all patients", "meta": {"db_name": "H022-KonnectLIS", "hospital": "AthenTech-prod"}}
{"ts": "2026-09-07T05:24:30.226535Z", "event": "premium_query", "role": "admin", "code": "ATH-P-ADMIN-55500", "question": "show yesterday's patients", "meta": {"db_name": "H022-KonnectLIS", "hospital": "AthenTech-prod"}}
{"ts": "2026-09-07T05:24:52.876431Z", "event": "premium_query", "role": "admin", "code": "ATH-P-ADMIN-55500", "question": "show yesterday's male patients who are below 50 yrs", "meta": {"db_name": "H022-KonnectLIS", "hospital": "AthenTech-prod"}}
{"ts": "2026-09-07T05:25:10.031644Z", "event": "premium_query", "role": "admin", "code": "ATH-P-ADMIN-55500", "question": "show yesterday's male patients who are above 50 yrs", "meta": {"db_name": "H022-KonnectLIS", "hospital": "AthenTech-prod"}}
{"ts": "2026-09-07T05:25:37.948197Z", "event": "premium_query", "role": "admin", "code": "AT-ADMIN-46506", "question": "Show me all patients", "meta": {"db_name": "H022-KonnectLIS_Test", "hospital": "AthenTech"}}
{"ts": "2026-09-07T05:26:13.929360Z", "event": "admin_action", "role": null, "code": null, "question": "Deleted institution: City Care Hospital", "meta": {"actor": "test123", "action": "Deleted institution", "target": "City Care Hospital", "licenses_removed": 0}}
{"ts": "2026-09-07T05:54:41.427213Z", "event": "premium_query", "role": "admin", "code": "ATH-P-ADMIN-55500", "question": "Show me all patients", "meta": {"db_name": "H022-KonnectLIS", "hospital": "AthenTech-prod"}}
{"ts": "2026-09-07T05:55:04.628561Z", "event": "premium_query", "role": "admin", "code": "ATH-P-ADMIN-55500", "question": "how many patients registered last month", "meta": {"db_name": "H022-KonnectLIS", "hospital": "AthenTech-prod"}}
{"ts": "2026-09-07T05:55:40.565822Z", "event": "premium_query", "role": "admin", "code": "ATH-P-ADMIN-55500", "question": "how many patients registered on August 2026?", "meta": {"db_name": "H022-KonnectLIS", "hospital": "AthenTech-prod"}}
{"ts": "2026-09-07T05:56:10.242438Z", "event": "premium_query", "role": "admin", "code": "ATH-P-ADMIN-55500", "question": "how many patients registered only on August 2026, not before", "meta": {"db_name": "H022-KonnectLIS", "hospital": "AthenTech-prod"}}
{"ts": "2026-09-07T05:56:43.433971Z", "event": "premium_query", "role": "admin", "code": "ATH-P-ADMIN-55500", "question": "what tests are provided for the patients", "meta": {"db_name": "H022-KonnectLIS", "hospital": "AthenTech-prod"}}
{"ts": "2026-09-07T05:57:10.212023Z", "event": "premium_query", "role": "admin", "code": "ATH-P-ADMIN-55500", "question": "tests related to blood?", "meta": {"db_name": "H022-KonnectLIS", "hospital": "AthenTech-prod"}}
{"ts": "2026-09-07T06:54:37.436520Z", "event": "premium_query", "role": "admin", "code": "ATH-P-ADMIN-55500", "question": "Show me all patients", "meta": {"db_name": "H022-KonnectLIS", "hospital": "AthenTech-prod"}}
{"ts": "2026-09-07T06:55:01.678152Z", "event": "premium_query", "role": "admin", "code": "ATH-P-ADMIN-55500", "question": "how many patients registered in 2026 alone", "meta": {"db_name": "H022-KonnectLIS", "hospital": "AthenTech-prod"}}
{"ts": "2026-09-07T06:55:31.638447Z", "event": "premium_query", "role": "admin", "code": "ATH-P-ADMIN-55500", "question": "how many male and female patients", "meta": {"db_name": "H022-KonnectLIS", "hospital": "AthenTech-prod"}}
{"ts": "2026-09-07T06:55:42.394376Z", "event": "premium_query", "role": "admin", "code": "ATH-P-ADMIN-55500", "question": "what tests are available?", "meta": {"db_name": "H022-KonnectLIS", "hospital": "AthenTech-prod"}}
{"ts": "2026-09-07T06:55:52.715671Z", "event": "premium_query", "role": "admin", "code": "ATH-P-ADMIN-55500", "question": "give info about blood tests", "meta": {"db_name": "H022-KonnectLIS", "hospital": "AthenTech-prod"}}
{"ts": "2026-09-07T06:56:06.433260Z", "event": "premium_query", "role": "admin", "code": "ATH-P-ADMIN-55500", "question": "CBC tests", "meta": {"db_name": "H022-KonnectLIS", "hospital": "AthenTech-prod"}}
{"ts": "2026-09-07T06:56:40.550006Z", "event": "premium_query", "role": "admin", "code": "AT-ADMIN-46506", "question": "Show me all patients", "meta": {"db_name": "H022-KonnectLIS_Test", "hospital": "AthenTech"}}
{"ts": "2026-09-07T06:56:50.484642Z", "event": "premium_query", "role": "admin", "code": "AT-ADMIN-46506", "question": "how many male and female patients", "meta": {"db_name": "H022-KonnectLIS_Test", "hospital": "AthenTech"}}
{"ts": "2026-09-07T07:08:40.093157Z", "event": "admin_action", "role": null, "code": null, "question": "Sent test notification: ", "meta": {"actor": "test123", "action": "Sent test notification", "target": "", "email_ok": false, "webhook_ok": false}}
{"ts": "2026-09-07T07:08:47.429482Z", "event": "admin_action", "role": null, "code": null, "question": "Sent test notification: ", "meta": {"actor": "test123", "action": "Sent test notification", "target": "", "email_ok": false, "webhook_ok": false}}
{"ts": "2026-09-07T07:08:51.255387Z", "event": "admin_action", "role": null, "code": null, "question": "Sent test notification: ", "meta": {"actor": "test123", "action": "Sent test notification", "target": "", "email_ok": false, "webhook_ok": false}}
{"ts": "2026-09-07T07:09:02.651622Z", "event": "admin_action", "role": null, "code": null, "question": "Updated settings: ", "meta": {"actor": "test123", "action": "Updated settings", "target": "", "changes": {"license_validity_days": 90, "normal_mode_enabled": true, "rate_limit_per_minute": 300, "extra_blocked_patterns": [], "output_redaction_enabled": true, "email_alerts_enabled": true, "webhook_url": "", "smtp_host": "rsaidevaharsha@gmail.com", "smtp_port": 587, "smtp_user": "saidevaharshar@gmail.com", "alert_email_to": "rsaidevaharsha@gmail.com"}}}
{"ts": "2026-09-07T07:09:04.730116Z", "event": "admin_action", "role": null, "code": null, "question": "Sent test notification: ", "meta": {"actor": "test123", "action": "Sent test notification", "target": "", "email_ok": false, "webhook_ok": false}}
{"ts": "2026-09-07T07:10:30.906677Z", "event": "premium_query", "role": "admin", "code": "ATH-P-ADMIN-55500", "question": "informtaion about radiology", "meta": {"db_name": "H022-KonnectLIS", "hospital": "AthenTech-prod"}}
{"ts": "2026-09-07T07:10:45.314723Z", "event": "premium_query", "role": "admin", "code": "ATH-P-ADMIN-55500", "question": "information about radiology tests", "meta": {"db_name": "H022-KonnectLIS", "hospital": "AthenTech-prod"}}
{"ts": "2026-09-07T07:15:56.141020Z", "event": "premium_query", "role": "admin", "code": "ATH-P-ADMIN-55500", "question": "how many patients registered in 2026 alone", "meta": {"db_name": "H022-KonnectLIS", "hospital": "AthenTech-prod"}}
{"ts": "2026-09-07T07:16:27.379218Z", "event": "premium_query", "role": "admin", "code": "ATH-P-ADMIN-55500", "question": "how many male and female patients", "meta": {"db_name": "H022-KonnectLIS", "hospital": "AthenTech-prod"}}
{"ts": "2026-09-07T07:19:20.666518Z", "event": "premium_query", "role": "admin", "code": "ATH-P-ADMIN-55500", "question": "how many male and female patients", "meta": {"db_name": "H022-KonnectLIS", "hospital": "AthenTech-prod"}}
{"ts": "2026-09-07T07:21:51.667257Z", "event": "premium_query", "role": "admin", "code": "ATH-P-ADMIN-55500", "question": "how many total patients are registered?", "meta": {"db_name": "H022-KonnectLIS", "hospital": "AthenTech-prod"}}
{"ts": "2026-09-07T07:32:39.217652Z", "event": "premium_query", "role": "admin", "code": "ATH-P-ADMIN-55500", "question": "Revenue & Collection", "meta": {"db_name": "H022-KonnectLIS", "hospital": "AthenTech-prod"}}
{"ts": "2026-09-07T07:32:59.283291Z", "event": "premium_query", "role": "admin", "code": "ATH-P-ADMIN-55500", "question": "can you give me available locations and branches?", "meta": {"db_name": "H022-KonnectLIS", "hospital": "AthenTech-prod"}}
{"ts": "2026-09-07T07:34:13.646268Z", "event": "premium_query", "role": "admin", "code": "ATH-P-ADMIN-55500", "question": "then give Revenue & Collection of medak, kukatpally, Konnect Fetal Medicine from January 2026 to August 2026", "meta": {"db_name": "H022-KonnectLIS", "hospital": "AthenTech-prod"}}
{"ts": "2026-09-07T07:38:14.073512Z", "event": "premium_query", "role": "admin", "code": "ATH-P-ADMIN-55500", "question": "Diagnostics Management Dashboard", "meta": {"db_name": "H022-KonnectLIS", "hospital": "AthenTech-prod"}}
{"ts": "2026-09-07T07:43:56.829801Z", "event": "premium_query", "role": "admin", "code": "ATH-P-ADMIN-55500", "question": "Department wise Performance", "meta": {"db_name": "H022-KonnectLIS", "hospital": "AthenTech-prod"}}
{"ts": "2026-09-07T07:44:50.339680Z", "event": "premium_query", "role": "admin", "code": "ATH-P-ADMIN-55500", "question": "i didnt ask about cash, I asked about \" Today tests \u00b7 revenue \u00b7 pending \u00b7 avg TAT\"", "meta": {"db_name": "H022-KonnectLIS", "hospital": "AthenTech-prod"}}
{"ts": "2026-09-07T07:45:39.736316Z", "event": "premium_query", "role": "admin", "code": "ATH-P-ADMIN-55500", "question": "I asked Department Wise Performance for \" tests \u00b7 revenue \u00b7 pending \u00b7 avg TAT\" this month", "meta": {"db_name": "H022-KonnectLIS", "hospital": "AthenTech-prod"}}
{"ts": "2026-09-07T07:53:30.162740Z", "event": "premium_query", "role": "admin", "code": "ATH-P-ADMIN-55500", "question": "Diagnostics Management Dashboard", "meta": {"db_name": "H022-KonnectLIS", "hospital": "AthenTech-prod"}}
{"ts": "2026-09-07T07:53:56.158744Z", "event": "premium_query", "role": "admin", "code": "ATH-P-ADMIN-55500", "question": "this month's  Diagnostics Management Dashboard", "meta": {"db_name": "H022-KonnectLIS", "hospital": "AthenTech-prod"}}
{"ts": "2026-09-07T07:59:16.775691Z", "event": "premium_query", "role": "admin", "code": "ATH-P-ADMIN-55500", "question": "Show me all patients", "meta": {"db_name": "H022-KonnectLIS", "hospital": "AthenTech-prod"}}
{"ts": "2026-09-07T08:00:09.581150Z", "event": "premium_query", "role": "admin", "code": "ATH-P-ADMIN-55500", "question": "today's patients", "meta": {"db_name": "H022-KonnectLIS", "hospital": "AthenTech-prod"}}
{"ts": "2026-09-07T08:06:09.102535Z", "event": "premium_query", "role": "admin", "code": "ATH-P-ADMIN-55500", "question": "this month's Diagnostics Management Dashboard", "meta": {"db_name": "H022-KonnectLIS", "hospital": "AthenTech-prod"}}
{"ts": "2026-09-07T08:08:15.962829Z", "event": "premium_query", "role": "admin", "code": "ATH-P-ADMIN-55500", "question": "show me all patients", "meta": {"db_name": "H022-KonnectLIS", "hospital": "AthenTech-prod"}}
{"ts": "2026-09-07T08:09:04.159355Z", "event": "premium_query", "role": "admin", "code": "ATH-P-ADMIN-55500", "question": "Show me all patients", "meta": {"db_name": "H022-KonnectLIS", "hospital": "AthenTech-prod"}}
{"ts": "2026-09-07T08:22:09.583744Z", "event": "premium_query", "role": "admin", "code": "ATH-P-ADMIN-55500", "question": "show me recent patients", "meta": {"db_name": "H022-KonnectLIS", "hospital": "AthenTech-prod"}}
{"ts": "2026-09-07T08:22:38.037028Z", "event": "premium_query", "role": "admin", "code": "ATH-P-ADMIN-55500", "question": "/clear", "meta": {"db_name": "H022-KonnectLIS", "hospital": "AthenTech-prod"}}
{"ts": "2026-09-07T08:25:38.766258Z", "event": "premium_query", "role": "admin", "code": "ATH-P-ADMIN-55500", "question": "collection centre performance today", "meta": {"db_name": "H022-KonnectLIS", "hospital": "AthenTech-prod"}}
{"ts": "2026-09-07T08:25:57.339515Z", "event": "premium_query", "role": "admin", "code": "ATH-P-ADMIN-55500", "question": "recent patients", "meta": {"db_name": "H022-KonnectLIS", "hospital": "AthenTech-prod"}}
{"ts": "2026-09-07T08:26:51.327449Z", "event": "premium_query", "role": "admin", "code": "ATH-P-ADMIN-55500", "question": "this month's Diagnostics Management Dashboard", "meta": {"db_name": "H022-KonnectLIS", "hospital": "AthenTech-prod"}}
{"ts": "2026-09-07T08:27:43.302348Z", "event": "premium_query", "role": "admin", "code": "ATH-P-ADMIN-55500", "question": "Executive Diagnostics Summary", "meta": {"db_name": "H022-KonnectLIS", "hospital": "AthenTech-prod"}}
{"ts": "2026-09-07T08:28:39.392052Z", "event": "premium_query", "role": "admin", "code": "ATH-P-ADMIN-55500", "question": "TAT dashboard", "meta": {"db_name": "H022-KonnectLIS", "hospital": "AthenTech-prod"}}
{"ts": "2026-09-07T08:31:33.806316Z", "event": "premium_query", "role": "admin", "code": "ATH-P-ADMIN-55500", "question": "radiology dashboard", "meta": {"db_name": "H022-KonnectLIS", "hospital": "AthenTech-prod"}}
{"ts": "2026-09-07T08:31:56.483540Z", "event": "premium_query", "role": "admin", "code": "ATH-P-ADMIN-55500", "question": "collection centre performance today", "meta": {"db_name": "H022-KonnectLIS", "hospital": "AthenTech-prod"}}
{"ts": "2026-09-07T08:32:50.830682Z", "event": "premium_query", "role": "admin", "code": "ATH-P-ADMIN-55500", "question": "top referring doctors", "meta": {"db_name": "H022-KonnectLIS", "hospital": "AthenTech-prod"}}
{"ts": "2026-09-07T08:42:00.364304Z", "event": "premium_query", "role": "admin", "code": "ATH-P-ADMIN-55500", "question": "Executive Diagnostics Summary", "meta": {"db_name": "H022-KonnectLIS", "hospital": "AthenTech-prod"}}
{"ts": "2026-09-07T08:42:16.563490Z", "event": "premium_query", "role": "admin", "code": "ATH-P-ADMIN-55500", "question": "Executive Diagnostics Summary", "meta": {"db_name": "H022-KonnectLIS", "hospital": "AthenTech-prod"}}
{"ts": "2026-09-07T08:43:33.499781Z", "event": "premium_query", "role": "admin", "code": "ATH-P-ADMIN-55500", "question": "radiology dashboard", "meta": {"db_name": "H022-KonnectLIS", "hospital": "AthenTech-prod"}}
{"ts": "2026-09-07T08:51:26.160141Z", "event": "premium_query", "role": "admin", "code": "ATH-P-ADMIN-55500", "question": "day collection for yesterday", "meta": {"db_name": "H022-KonnectLIS", "hospital": "AthenTech-prod"}}
{"ts": "2026-09-07T08:52:00.728847Z", "event": "premium_query", "role": "admin", "code": "ATH-P-ADMIN-55500", "question": "radiology dashboard for July 2026", "meta": {"db_name": "H022-KonnectLIS", "hospital": "AthenTech-prod"}}
{"ts": "2026-09-07T08:52:32.626785Z", "event": "premium_query", "role": "admin", "code": "ATH-P-ADMIN-55500", "question": "Radiology dashboard July 2026", "meta": {"db_name": "H022-KonnectLIS", "hospital": "AthenTech-prod"}}
{"ts": "2026-09-07T08:53:04.894518Z", "event": "premium_query", "role": "admin", "code": "ATH-P-ADMIN-55500", "question": "radiology dashboard june 2026", "meta": {"db_name": "H022-KonnectLIS", "hospital": "AthenTech-prod"}}
{"ts": "2026-09-07T08:56:09.671740Z", "event": "premium_query", "role": "admin", "code": "ATH-P-ADMIN-55500", "question": "collection data", "meta": {"db_name": "H022-KonnectLIS", "hospital": "AthenTech-prod"}}
{"ts": "2026-09-07T08:56:39.973106Z", "event": "premium_query", "role": "admin", "code": "ATH-P-ADMIN-55500", "question": "radiology July 2026", "meta": {"db_name": "H022-KonnectLIS", "hospital": "AthenTech-prod"}}
{"ts": "2026-09-07T08:57:27.938811Z", "event": "premium_query", "role": "admin", "code": "ATH-P-ADMIN-55500", "question": "this month's collection", "meta": {"db_name": "H022-KonnectLIS", "hospital": "AthenTech-prod"}}
{"ts": "2026-09-07T08:57:43.318717Z", "event": "premium_query", "role": "admin", "code": "ATH-P-ADMIN-55500", "question": "this month's collection dashboard", "meta": {"db_name": "H022-KonnectLIS", "hospital": "AthenTech-prod"}}
{"ts": "2026-09-07T09:03:28.254158Z", "event": "premium_query", "role": "admin", "code": "ATH-P-ADMIN-55500", "question": "top 5 referring doctors this month", "meta": {"db_name": "H022-KonnectLIS", "hospital": "AthenTech-prod"}}
{"ts": "2026-09-07T09:03:40.433002Z", "event": "premium_query", "role": "admin", "code": "ATH-P-ADMIN-55500", "question": "how many tests were done in July 2026", "meta": {"db_name": "H022-KonnectLIS", "hospital": "AthenTech-prod"}}
{"ts": "2026-09-07T09:04:02.007814Z", "event": "premium_query", "role": "admin", "code": "ATH-P-ADMIN-55500", "question": "outstanding dues from corporate clients", "meta": {"db_name": "H022-KonnectLIS", "hospital": "AthenTech-prod"}}
{"ts": "2026-09-07T09:05:12.664994Z", "event": "premium_query", "role": "admin", "code": "ATH-P-ADMIN-55500", "question": "average patient age this yearaverage patient age this year", "meta": {"db_name": "H022-KonnectLIS", "hospital": "AthenTech-prod"}}
{"ts": "2026-09-07T09:05:30.765320Z", "event": "premium_query", "role": "admin", "code": "ATH-P-ADMIN-55500", "question": "low stock inventory items", "meta": {"db_name": "H022-KonnectLIS", "hospital": "AthenTech-prod"}}
{"ts": "2026-09-07T09:06:02.267030Z", "event": "premium_query", "role": "admin", "code": "ATH-P-ADMIN-55500", "question": "which location had highest revenue last month", "meta": {"db_name": "H022-KonnectLIS", "hospital": "AthenTech-prod"}}
{"ts": "2026-09-07T09:06:55.839194Z", "event": "premium_query", "role": "admin", "code": "ATH-P-ADMIN-55500", "question": "cancelled or refunded bills today", "meta": {"db_name": "H022-KonnectLIS", "hospital": "AthenTech-prod"}}
{"ts": "2026-09-07T09:07:31.002558Z", "event": "premium_query", "role": "admin", "code": "ATH-P-ADMIN-55500", "question": "cancelled or refunded bills this month", "meta": {"db_name": "H022-KonnectLIS", "hospital": "AthenTech-prod"}}
{"ts": "2026-09-07T09:07:44.936162Z", "event": "premium_query", "role": "admin", "code": "ATH-P-ADMIN-55500", "question": "cancelled or refunded bills this year", "meta": {"db_name": "H022-KonnectLIS", "hospital": "AthenTech-prod"}}
{"ts": "2026-09-07T09:37:40.362090Z", "event": "premium_query", "role": "admin", "code": "ATH-P-ADMIN-55500", "question": "Outstanding dues from corporate clients", "meta": {"db_name": "H022-KonnectLIS", "hospital": "AthenTech-prod"}}
{"ts": "2026-09-07T09:38:17.910017Z", "event": "premium_query", "role": "admin", "code": "ATH-P-ADMIN-55500", "question": "pending report", "meta": {"db_name": "H022-KonnectLIS", "hospital": "AthenTech-prod"}}
{"ts": "2026-09-07T09:38:31.987977Z", "event": "premium_query", "role": "admin", "code": "ATH-P-ADMIN-55500", "question": "pending reports", "meta": {"db_name": "H022-KonnectLIS", "hospital": "AthenTech-prod"}}
{"ts": "2026-09-07T09:39:47.692592Z", "event": "premium_query", "role": "admin", "code": "ATH-P-ADMIN-55500", "question": "give today vs yesterday comparision", "meta": {"db_name": "H022-KonnectLIS", "hospital": "AthenTech-prod"}}
{"ts": "2026-09-07T09:41:01.088180Z", "event": "premium_query", "role": "admin", "code": "ATH-P-ADMIN-55500", "question": "give today vs yesterday comparison of Lab Tests, Patients, Net Business, collections, admissions", "meta": {"db_name": "H022-KonnectLIS", "hospital": "AthenTech-prod"}}
{"ts": "2026-09-07T09:41:58.003898Z", "event": "premium_query", "role": "admin", "code": "ATH-P-ADMIN-55500", "question": "Laboratory dashboard", "meta": {"db_name": "H022-KonnectLIS", "hospital": "AthenTech-prod"}}
{"ts": "2026-09-07T09:43:56.899486Z", "event": "premium_query", "role": "admin", "code": "ATH-P-ADMIN-55500", "question": "Critical Value Alerts", "meta": {"db_name": "H022-KonnectLIS", "hospital": "AthenTech-prod"}}
{"ts": "2026-09-07T09:55:02.272061Z", "event": "premium_query", "role": "admin", "code": "ATH-P-ADMIN-55500", "question": "give Konnect diagnostics Kompally's today's day collection", "meta": {"db_name": "H022-KonnectLIS", "hospital": "AthenTech-prod"}}
{"ts": "2026-09-07T09:55:19.277046Z", "event": "premium_query", "role": "admin", "code": "ATH-P-ADMIN-55500", "question": "give Konnect diagnostics Kompally's yesterday's day collection", "meta": {"db_name": "H022-KonnectLIS", "hospital": "AthenTech-prod"}}
{"ts": "2026-09-07T09:55:42.515267Z", "event": "premium_query", "role": "admin", "code": "ATH-P-ADMIN-55500", "question": "shut up mate, the data is very well available", "meta": {"db_name": "H022-KonnectLIS", "hospital": "AthenTech-prod"}}
{"ts": "2026-09-07T10:05:46.352491Z", "event": "premium_query", "role": "admin", "code": "ATH-P-ADMIN-55500", "question": "Show me all patients", "meta": {"db_name": "H022-KonnectLIS", "hospital": "AthenTech-prod"}}
{"ts": "2026-09-07T10:35:31.433473Z", "event": "premium_query", "role": "admin", "code": "ATH-P-ADMIN-55500", "question": "give managament dashboard", "meta": {"db_name": "H022-KonnectLIS", "hospital": "AthenTech-prod"}}
{"ts": "2026-09-07T10:37:44.648246Z", "event": "premium_query", "role": "admin", "code": "ATH-P-ADMIN-55500", "question": "Show me all patients", "meta": {"db_name": "H022-KonnectLIS", "hospital": "AthenTech-prod"}}
{"ts": "2026-09-07T10:38:15.336716Z", "event": "premium_query", "role": "admin", "code": "ATH-P-ADMIN-55500", "question": "/clear", "meta": {"db_name": "H022-KonnectLIS", "hospital": "AthenTech-prod"}}
{"ts": "2026-09-07T10:41:42.499338Z", "event": "premium_query", "role": "admin", "code": "ATH-P-ADMIN-55500", "question": "Show me all patients", "meta": {"db_name": "H022-KonnectLIS", "hospital": "AthenTech-prod"}}
{"ts": "2026-09-07T10:41:59.046807Z", "event": "premium_query", "role": "admin", "code": "ATH-P-ADMIN-55500", "question": "show me management dashboard", "meta": {"db_name": "H022-KonnectLIS", "hospital": "AthenTech-prod"}}
{"ts": "2026-09-07T10:43:11.308995Z", "event": "premium_query", "role": "admin", "code": "ATH-P-ADMIN-55500", "question": "LOCATION = 'Konnect Diagnostics Kompally'", "meta": {"db_name": "H022-KonnectLIS", "hospital": "AthenTech-prod"}}
{"ts": "2026-09-07T10:43:40.378062Z", "event": "premium_query", "role": "admin", "code": "ATH-P-ADMIN-55500", "question": "oday's collection data", "meta": {"db_name": "H022-KonnectLIS", "hospital": "AthenTech-prod"}}
{"ts": "2026-09-07T10:44:36.920000Z", "event": "premium_query", "role": "admin", "code": "ATH-P-ADMIN-55500", "question": "today's Kompally's collection data", "meta": {"db_name": "H022-KonnectLIS", "hospital": "AthenTech-prod"}}
{"ts": "2026-09-07T10:45:09.316216Z", "event": "premium_query", "role": "admin", "code": "ATH-P-ADMIN-55500", "question": "today's Konnect Kompally's collection data", "meta": {"db_name": "H022-KonnectLIS", "hospital": "AthenTech-prod"}}
{"ts": "2026-09-07T10:49:34.447595Z", "event": "premium_query", "role": "admin", "code": "ATH-P-ADMIN-55500", "question": "today's Kompally's collection data", "meta": {"db_name": "H022-KonnectLIS", "hospital": "AthenTech-prod"}}
{"ts": "2026-09-07T10:52:48.219140Z", "event": "premium_query", "role": "admin", "code": "ATH-P-ADMIN-55500", "question": "today's Kompally's collection data", "meta": {"db_name": "H022-KonnectLIS", "hospital": "AthenTech-prod"}}
{"ts": "2026-09-07T10:55:57.805969Z", "event": "premium_query", "role": "admin", "code": "ATH-P-ADMIN-55500", "question": "show me all rows in mstlocationusers matching Kompally", "meta": {"db_name": "H022-KonnectLIS", "hospital": "AthenTech-prod"}}
{"ts": "2026-09-07T10:59:55.176277Z", "event": "premium_query", "role": "admin", "code": "ATH-P-ADMIN-55500", "question": "radiology dashboard", "meta": {"db_name": "H022-KonnectLIS", "hospital": "AthenTech-prod"}}
{"ts": "2026-09-07T11:00:14.809782Z", "event": "premium_query", "role": "admin", "code": "ATH-P-ADMIN-55500", "question": "Radiology DashBoard", "meta": {"db_name": "H022-KonnectLIS", "hospital": "AthenTech-prod"}}
{"ts": "2026-09-07T11:01:25.516148Z", "event": "premium_query", "role": "admin", "code": "ATH-P-ADMIN-55500", "question": "Show current admissions", "meta": {"db_name": "H022-KonnectLIS", "hospital": "AthenTech-prod"}}
{"ts": "2026-09-07T11:08:24.787462Z", "event": "premium_query", "role": "admin", "code": "ATH-P-ADMIN-55500", "question": "Radiology", "meta": {"db_name": "H022-KonnectLIS", "hospital": "AthenTech-prod"}}
{"ts": "2026-09-07T11:08:40.063019Z", "event": "premium_query", "role": "admin", "code": "ATH-P-ADMIN-55500", "question": "tests", "meta": {"db_name": "H022-KonnectLIS", "hospital": "AthenTech-prod"}}
{"ts": "2026-09-07T11:09:03.064841Z", "event": "premium_query", "role": "admin", "code": "ATH-P-ADMIN-55500", "question": "collection data", "meta": {"db_name": "H022-KonnectLIS", "hospital": "AthenTech-prod"}}
{"ts": "2026-09-07T11:09:15.555187Z", "event": "premium_query", "role": "admin", "code": "ATH-P-ADMIN-55500", "question": "Kompally or kompally", "meta": {"db_name": "H022-KonnectLIS", "hospital": "AthenTech-prod"}}
{"ts": "2026-09-07T11:10:54.275005Z", "event": "premium_query", "role": "admin", "code": "ATH-P-ADMIN-55500", "question": "Total Cash Bill Amount", "meta": {"db_name": "H022-KonnectLIS", "hospital": "AthenTech-prod"}}
{"ts": "2026-09-07T11:18:06.261356Z", "event": "admin_action", "role": null, "code": null, "question": "Updated role permissions: admin", "meta": {"actor": "test123", "action": "Updated role permissions", "target": "admin", "tables": ["*"]}}
{"ts": "2026-09-07T11:18:26.659649Z", "event": "admin_action", "role": null, "code": null, "question": "Updated role permissions: nurse", "meta": {"actor": "test123", "action": "Updated role permissions", "target": "nurse", "tables": ["patients", "admissions", "wards"]}}
{"ts": "2026-09-07T11:18:37.893132Z", "event": "admin_action", "role": null, "code": null, "question": "Sent test notification: ", "meta": {"actor": "test123", "action": "Sent test notification", "target": "", "email_ok": false, "webhook_ok": false}}
{"ts": "2026-09-07T11:48:14.537197Z", "event": "premium_query", "role": "admin", "code": "ATH-P-ADMIN-55500", "question": "Show me all patients", "meta": {"db_name": "H022-KonnectLIS", "hospital": "AthenTech-prod"}}
{"ts": "2026-09-07T11:48:46.379056Z", "event": "premium_query", "role": "admin", "code": "ATH-P-ADMIN-55500", "question": "show management dashboard", "meta": {"db_name": "H022-KonnectLIS", "hospital": "AthenTech-prod"}}
{"ts": "2026-09-07T11:49:40.482136Z", "event": "premium_query", "role": "admin", "code": "ATH-P-ADMIN-55500", "question": "diagnostics dashboard", "meta": {"db_name": "H022-KonnectLIS", "hospital": "AthenTech-prod"}}
{"ts": "2026-09-07T11:49:57.001008Z", "event": "premium_query", "role": "admin", "code": "ATH-P-ADMIN-55500", "question": "/clear", "meta": {"db_name": "H022-KonnectLIS", "hospital": "AthenTech-prod"}}
{"ts": "2026-09-07T11:50:15.493314Z", "event": "premium_query", "role": "admin", "code": "ATH-P-ADMIN-55500", "question": "Show me all patients", "meta": {"db_name": "H022-KonnectLIS", "hospital": "AthenTech-prod"}}
{"ts": "2026-09-07T11:50:43.411455Z", "event": "premium_query", "role": "admin", "code": "ATH-P-ADMIN-55500", "question": "diagnostics dashboard", "meta": {"db_name": "H022-KonnectLIS", "hospital": "AthenTech-prod"}}
{"ts": "2026-09-07T11:51:37.034910Z", "event": "premium_query", "role": "admin", "code": "ATH-P-ADMIN-55500", "question": "top referring doctors", "meta": {"db_name": "H022-KonnectLIS", "hospital": "AthenTech-prod"}}
{"ts": "2026-09-07T11:53:04.929885Z", "event": "premium_query", "role": "admin", "code": "ATH-P-ADMIN-55500", "question": "this month's Diagnostics Management Dashboard", "meta": {"db_name": "H022-KonnectLIS", "hospital": "AthenTech-prod"}}
{"ts": "2026-09-07T11:54:23.195961Z", "event": "premium_query", "role": "admin", "code": "ATH-P-ADMIN-55500", "question": "collection summary today", "meta": {"db_name": "H022-KonnectLIS", "hospital": "AthenTech-prod"}}
{"ts": "2026-09-07T11:55:40.477208Z", "event": "premium_query", "role": "admin", "code": "ATH-P-ADMIN-55500", "question": "Patient & Test Statistics", "meta": {"db_name": "H022-KonnectLIS", "hospital": "AthenTech-prod"}}
{"ts": "2026-09-07T11:57:23.328710Z", "event": "premium_query", "role": "admin", "code": "ATH-P-ADMIN-55500", "question": "Patient Gender Distribution", "meta": {"db_name": "H022-KonnectLIS", "hospital": "AthenTech-prod"}}
{"ts": "2026-09-07T13:25:40.634569Z", "event": "premium_query", "role": "admin", "code": "ATH-P-ADMIN-55500", "question": "yesterday's Kompally collection", "meta": {"db_name": "H022-KonnectLIS", "hospital": "AthenTech-prod"}}
{"ts": "2026-09-07T13:26:08.539966Z", "event": "premium_query", "role": "admin", "code": "ATH-P-ADMIN-55500", "question": "yesterday's Kompally Fetal Medicine collection", "meta": {"db_name": "H022-KonnectLIS", "hospital": "AthenTech-prod"}}
{"ts": "2026-09-07T13:26:40.728124Z", "event": "premium_query", "role": "admin", "code": "ATH-P-ADMIN-55500", "question": "yesterday's srikara-Kompally collection", "meta": {"db_name": "H022-KonnectLIS", "hospital": "AthenTech-prod"}}
{"ts": "2026-09-07T13:27:56.991811Z", "event": "premium_query", "role": "admin", "code": "ATH-P-ADMIN-55500", "question": "this month's Srikara-Kompally collection", "meta": {"db_name": "H022-KonnectLIS", "hospital": "AthenTech-prod"}}
{"ts": "2026-09-07T13:29:03.585023Z", "event": "premium_query", "role": "admin", "code": "ATH-P-ADMIN-55500", "question": "show me distinct LOCATIONID values from trnmodeofcollectionsdet for this month", "meta": {"db_name": "H022-KonnectLIS", "hospital": "AthenTech-prod"}}
{"ts": "2026-09-07T13:36:52.724732Z", "event": "premium_query", "role": "admin", "code": "ATH-P-ADMIN-55500", "question": "this month's Srikara-Kompally collection", "meta": {"db_name": "H022-KonnectLIS", "hospital": "AthenTech-prod"}}
{"ts": "2026-09-08T10:58:24.830803Z", "event": "admin_login", "role": null, "code": null, "question": "", "meta": {"actor": "test123"}}
{"ts": "2026-09-08T10:59:21.920022Z", "event": "premium_query", "role": "admin", "code": "ATH-P-ADMIN-55500", "question": "today's radiology dashboard", "meta": {"db_name": "H022-KonnectLIS", "hospital": "AthenTech-prod"}}
{"ts": "2026-09-08T10:59:40.489060Z", "event": "premium_query", "role": "admin", "code": "ATH-P-ADMIN-55500", "question": "Radiology Dashboard", "meta": {"db_name": "H022-KonnectLIS", "hospital": "AthenTech-prod"}}
{"ts": "2026-09-08T11:00:22.780015Z", "event": "premium_query", "role": "admin", "code": "ATH-P-ADMIN-55500", "question": "yesterday's laboratory dashboard", "meta": {"db_name": "H022-KonnectLIS", "hospital": "AthenTech-prod"}}
{"ts": "2026-09-08T11:03:07.026267Z", "event": "premium_query", "role": "admin", "code": "ATH-P-ADMIN-55500", "question": "Show me all patients", "meta": {"db_name": "H022-KonnectLIS", "hospital": "AthenTech-prod"}}
{"ts": "2026-09-08T11:04:43.510307Z", "event": "premium_query", "role": "admin", "code": "ATH-P-ADMIN-55500", "question": "today's ALWAL collection", "meta": {"db_name": "H022-KonnectLIS", "hospital": "AthenTech-prod"}}
{"ts": "2026-09-08T11:05:05.881554Z", "event": "premium_query", "role": "admin", "code": "ATH-P-ADMIN-55500", "question": "today's uppal collection", "meta": {"db_name": "H022-KonnectLIS", "hospital": "AthenTech-prod"}}
{"ts": "2026-09-08T11:12:20.495569Z", "event": "premium_query", "role": "admin", "code": "ATH-P-ADMIN-55500", "question": "yesterday's radiology dashboard", "meta": {"db_name": "H022-KonnectLIS", "hospital": "AthenTech-prod"}}
{"ts": "2026-09-08T11:12:29.771162Z", "event": "premium_query", "role": "admin", "code": "ATH-P-ADMIN-55500", "question": "today's laboratory dashboard", "meta": {"db_name": "H022-KonnectLIS", "hospital": "AthenTech-prod"}}
{"ts": "2026-09-08T11:12:45.530705Z", "event": "premium_query", "role": "admin", "code": "ATH-P-ADMIN-55500", "question": "yesterday's radiology dashboard", "meta": {"db_name": "H022-KonnectLIS", "hospital": "AthenTech-prod"}}
{"ts": "2026-09-08T11:12:54.738507Z", "event": "premium_query", "role": "admin", "code": "ATH-P-ADMIN-55500", "question": "this month's laboratory dashboard", "meta": {"db_name": "H022-KonnectLIS", "hospital": "AthenTech-prod"}}
{"ts": "2026-09-08T11:13:20.871532Z", "event": "premium_query", "role": "admin", "code": "ATH-P-ADMIN-55500", "question": "this year's laboratory dashboard", "meta": {"db_name": "H022-KonnectLIS", "hospital": "AthenTech-prod"}}
{"ts": "2026-09-08T11:18:45.679121Z", "event": "premium_query", "role": "admin", "code": "ATH-P-ADMIN-55500", "question": "today's uppal collection", "meta": {"db_name": "H022-KonnectLIS", "hospital": "AthenTech-prod"}}
{"ts": "2026-09-08T11:19:00.934044Z", "event": "premium_query", "role": "admin", "code": "ATH-P-ADMIN-55500", "question": "today's alwal collection", "meta": {"db_name": "H022-KonnectLIS", "hospital": "AthenTech-prod"}}
{"ts": "2026-09-08T11:19:25.183806Z", "event": "premium_query", "role": "admin", "code": "ATH-P-ADMIN-55500", "question": "today's attapar collection", "meta": {"db_name": "H022-KonnectLIS", "hospital": "AthenTech-prod"}}
{"ts": "2026-09-08T11:19:33.900473Z", "event": "premium_query", "role": "admin", "code": "ATH-P-ADMIN-55500", "question": "today's bengaluru collection", "meta": {"db_name": "H022-KonnectLIS", "hospital": "AthenTech-prod"}}
{"ts": "2026-09-08T11:20:52.653163Z", "event": "premium_query", "role": "admin", "code": "ATH-P-ADMIN-55500", "question": "2025's laboratory dashboard", "meta": {"db_name": "H022-KonnectLIS", "hospital": "AthenTech-prod"}}
{"ts": "2026-09-08T11:31:42.482119Z", "event": "premium_query", "role": "admin", "code": "ATH-P-ADMIN-55500", "question": "this month's radiology dashboard", "meta": {"db_name": "H022-KonnectLIS", "hospital": "AthenTech-prod"}}
{"ts": "2026-09-08T11:32:00.092085Z", "event": "premium_query", "role": "admin", "code": "ATH-P-ADMIN-55500", "question": "last 7 days radiology dashboard", "meta": {"db_name": "H022-KonnectLIS", "hospital": "AthenTech-prod"}}
{"ts": "2026-09-08T11:32:17.070928Z", "event": "premium_query", "role": "admin", "code": "ATH-P-ADMIN-55500", "question": "last week radiology dashboard", "meta": {"db_name": "H022-KonnectLIS", "hospital": "AthenTech-prod"}}
{"ts": "2026-09-08T11:33:21.917647Z", "event": "premium_query", "role": "admin", "code": "ATH-P-ADMIN-55500", "question": "this year's laboratory dashboard", "meta": {"db_name": "H022-KonnectLIS", "hospital": "AthenTech-prod"}}
{"ts": "2026-09-08T11:34:33.649097Z", "event": "premium_query", "role": "admin", "code": "ATH-P-ADMIN-55500", "question": "last week radiology dashboard", "meta": {"db_name": "H022-KonnectLIS", "hospital": "AthenTech-prod"}}
{"ts": "2026-09-08T11:34:59.712411Z", "event": "premium_query", "role": "admin", "code": "ATH-P-ADMIN-55500", "question": "4th september radiology dashboard", "meta": {"db_name": "H022-KonnectLIS", "hospital": "AthenTech-prod"}}
{"ts": "2026-09-08T11:35:11.716674Z", "event": "premium_query", "role": "admin", "code": "ATH-P-ADMIN-55500", "question": "5th september radiology dashboard", "meta": {"db_name": "H022-KonnectLIS", "hospital": "AthenTech-prod"}}
{"ts": "2026-09-08T11:35:27.290641Z", "event": "premium_query", "role": "admin", "code": "ATH-P-ADMIN-55500", "question": "2025 radiology dashboard", "meta": {"db_name": "H022-KonnectLIS", "hospital": "AthenTech-prod"}}
{"ts": "2026-09-08T11:35:46.844754Z", "event": "premium_query", "role": "admin", "code": "ATH-P-ADMIN-55500", "question": "this year's laboratory dashboard", "meta": {"db_name": "H022-KonnectLIS", "hospital": "AthenTech-prod"}}
{"ts": "2026-09-08T11:35:58.812053Z", "event": "premium_query", "role": "admin", "code": "ATH-P-ADMIN-55500", "question": "2025's laboratory dashboard", "meta": {"db_name": "H022-KonnectLIS", "hospital": "AthenTech-prod"}}
{"ts": "2026-09-08T11:41:31.323039Z", "event": "premium_query", "role": "admin", "code": "ATH-P-ADMIN-55500", "question": "4th september radiology dashboard", "meta": {"db_name": "H022-KonnectLIS", "hospital": "AthenTech-prod"}}
{"ts": "2026-09-08T11:41:45.397916Z", "event": "premium_query", "role": "admin", "code": "ATH-P-ADMIN-55500", "question": "2025 radiology dashboard", "meta": {"db_name": "H022-KonnectLIS", "hospital": "AthenTech-prod"}}
{"ts": "2026-09-08T11:41:57.852784Z", "event": "premium_query", "role": "admin", "code": "ATH-P-ADMIN-55500", "question": "2025's laboratory dashboard", "meta": {"db_name": "H022-KonnectLIS", "hospital": "AthenTech-prod"}}
{"ts": "2026-09-08T11:42:13.834560Z", "event": "premium_query", "role": "admin", "code": "ATH-P-ADMIN-55500", "question": "what are the tests available?", "meta": {"db_name": "H022-KonnectLIS", "hospital": "AthenTech-prod"}}
{"ts": "2026-09-08T11:42:33.527083Z", "event": "premium_query", "role": "admin", "code": "ATH-P-ADMIN-55500", "question": "what are all blood tests available?", "meta": {"db_name": "H022-KonnectLIS", "hospital": "AthenTech-prod"}}
{"ts": "2026-09-08T11:46:04.157238Z", "event": "premium_query", "role": "admin", "code": "ATH-P-ADMIN-55500", "question": "Cancelled / rejected bills this week", "meta": {"db_name": "H022-KonnectLIS", "hospital": "AthenTech-prod"}}
{"ts": "2026-09-08T11:46:16.985404Z", "event": "premium_query", "role": "admin", "code": "ATH-P-ADMIN-55500", "question": "Cancelled / rejected bills this month", "meta": {"db_name": "H022-KonnectLIS", "hospital": "AthenTech-prod"}}
{"ts": "2026-09-08T11:46:30.862194Z", "event": "premium_query", "role": "admin", "code": "ATH-P-ADMIN-55500", "question": "Cancelled / rejected bills this year", "meta": {"db_name": "H022-KonnectLIS", "hospital": "AthenTech-prod"}}
{"ts": "2026-09-08T11:47:16.640830Z", "event": "premium_query", "role": "admin", "code": "ATH-P-ADMIN-55500", "question": "List all locations / collection centres", "meta": {"db_name": "H022-KonnectLIS", "hospital": "AthenTech-prod"}}
{"ts": "2026-09-08T11:48:22.196217Z", "event": "premium_query", "role": "admin", "code": "ATH-P-ADMIN-55500", "question": "Open purchase orders", "meta": {"db_name": "H022-KonnectLIS", "hospital": "AthenTech-prod"}}
{"ts": "2026-09-08T11:48:44.881014Z", "event": "premium_query", "role": "admin", "code": "ATH-P-ADMIN-55500", "question": "Top referring doctors this month", "meta": {"db_name": "H022-KonnectLIS", "hospital": "AthenTech-prod"}}
{"ts": "2026-09-08T11:49:58.752000Z", "event": "premium_query", "role": "admin", "code": "ATH-P-ADMIN-55500", "question": "Average TAT for radiology this week", "meta": {"db_name": "H022-KonnectLIS", "hospital": "AthenTech-prod"}}
{"ts": "2026-09-08T11:51:00.798254Z", "event": "premium_query", "role": "admin", "code": "ATH-P-ADMIN-55500", "question": "Male vs female registrations this month", "meta": {"db_name": "H022-KonnectLIS", "hospital": "AthenTech-prod"}}
{"ts": "2026-09-08T11:51:30.720291Z", "event": "premium_query", "role": "admin", "code": "ATH-P-ADMIN-55500", "question": "Male vs female patients this month", "meta": {"db_name": "H022-KonnectLIS", "hospital": "AthenTech-prod"}}
{"ts": "2026-09-08T11:53:00.150285Z", "event": "premium_query", "role": "admin", "code": "ATH-P-ADMIN-55500", "question": "Show me all patients", "meta": {"db_name": "H022-KonnectLIS", "hospital": "AthenTech-prod"}}
{"ts": "2026-09-08T11:53:18.591033Z", "event": "premium_query", "role": "admin", "code": "ATH-P-ADMIN-55500", "question": "Cash vs UPI vs card collections today", "meta": {"db_name": "H022-KonnectLIS", "hospital": "AthenTech-prod"}}
{"ts": "2026-09-08T11:53:51.410230Z", "event": "premium_query", "role": "admin", "code": "ATH-P-ADMIN-55500", "question": "Yesterday\u2019s Uppal collection", "meta": {"db_name": "H022-KonnectLIS", "hospital": "AthenTech-prod"}}
{"ts": "2026-09-08T11:54:30.079484Z", "event": "premium_query", "role": "admin", "code": "ATH-P-ADMIN-55500", "question": "what are the tests available?", "meta": {"db_name": "H022-KonnectLIS", "hospital": "AthenTech-prod"}}
{"ts": "2026-09-08T11:54:50.544424Z", "event": "premium_query", "role": "admin", "code": "ATH-P-ADMIN-55500", "question": "List all locations / collection centres", "meta": {"db_name": "H022-KonnectLIS", "hospital": "AthenTech-prod"}}
{"ts": "2026-09-08T11:55:32.026556Z", "event": "premium_query", "role": "admin", "code": "ATH-P-ADMIN-55500", "question": "Open purchase orders", "meta": {"db_name": "H022-KonnectLIS", "hospital": "AthenTech-prod"}}
{"ts": "2026-09-08T11:56:02.339841Z", "event": "premium_query", "role": "admin", "code": "ATH-P-ADMIN-55500", "question": "2025 radiology dashboard", "meta": {"db_name": "H022-KonnectLIS", "hospital": "AthenTech-prod"}}
{"ts": "2026-09-08T11:56:22.740436Z", "event": "premium_query", "role": "admin", "code": "ATH-P-ADMIN-55500", "question": "How many patients registered today?", "meta": {"db_name": "H022-KonnectLIS", "hospital": "AthenTech-prod"}}
{"ts": "2026-09-08T11:56:59.493792Z", "event": "premium_query", "role": "admin", "code": "ATH-P-ADMIN-55500", "question": "Low stock items", "meta": {"db_name": "H022-KonnectLIS", "hospital": "AthenTech-prod"}}
{"ts": "2026-09-08T11:57:41.391432Z", "event": "premium_query", "role": "admin", "code": "ATH-P-ADMIN-55500", "question": "today's alwal collection", "meta": {"db_name": "H022-KonnectLIS", "hospital": "AthenTech-prod"}}
{"ts": "2026-09-08T11:58:21.829637Z", "event": "premium_query", "role": "admin", "code": "ATH-P-ADMIN-55500", "question": "2025's laboratory dashboard", "meta": {"db_name": "H022-KonnectLIS", "hospital": "AthenTech-prod"}}
{"ts": "2026-09-08T12:00:00.969829Z", "event": "premium_query", "role": "admin", "code": "ATH-P-ADMIN-55500", "question": "4th september radiology dashboard", "meta": {"db_name": "H022-KonnectLIS", "hospital": "AthenTech-prod"}}
{"ts": "2026-09-08T12:00:22.698531Z", "event": "premium_query", "role": "admin", "code": "ATH-P-ADMIN-55500", "question": "Average TAT for radiology this week", "meta": {"db_name": "H022-KonnectLIS", "hospital": "AthenTech-prod"}}
{"ts": "2026-09-08T12:01:26.974942Z", "event": "premium_query", "role": "admin", "code": "ATH-P-ADMIN-55500", "question": "2025 laboratory volume", "meta": {"db_name": "H022-KonnectLIS", "hospital": "AthenTech-prod"}}
{"ts": "2026-09-08T12:42:31.144210Z", "event": "premium_query", "role": "admin", "code": "ATH-P-ADMIN-55500", "question": "average TAT this month?", "meta": {"db_name": "H022-KonnectLIS", "hospital": "AthenTech-prod"}}
{"ts": "2026-09-08T12:42:55.270487Z", "event": "premium_query", "role": "admin", "code": "ATH-P-ADMIN-55500", "question": "TAT this month?", "meta": {"db_name": "H022-KonnectLIS", "hospital": "AthenTech-prod"}}
{"ts": "2026-09-08T12:43:13.020730Z", "event": "premium_query", "role": "admin", "code": "ATH-P-ADMIN-55500", "question": "Average TAT for radiology this month", "meta": {"db_name": "H022-KonnectLIS", "hospital": "AthenTech-prod"}}
{"ts": "2026-09-08T12:43:26.375151Z", "event": "premium_query", "role": "admin", "code": "ATH-P-ADMIN-55500", "question": "Average TAT for radiology this week", "meta": {"db_name": "H022-KonnectLIS", "hospital": "AthenTech-prod"}}
{"ts": "2026-09-08T12:43:52.096964Z", "event": "premium_query", "role": "admin", "code": "ATH-P-ADMIN-55500", "question": "4th september radiology dashboard", "meta": {"db_name": "H022-KonnectLIS", "hospital": "AthenTech-prod"}}
{"ts": "2026-09-08T12:44:02.454750Z", "event": "premium_query", "role": "admin", "code": "ATH-P-ADMIN-55500", "question": "today's alwal collection", "meta": {"db_name": "H022-KonnectLIS", "hospital": "AthenTech-prod"}}
{"ts": "2026-09-08T12:44:22.796775Z", "event": "premium_query", "role": "admin", "code": "ATH-P-ADMIN-55500", "question": "Cash vs UPI vs card collections today", "meta": {"db_name": "H022-KonnectLIS", "hospital": "AthenTech-prod"}}
{"ts": "2026-09-08T12:45:43.407851Z", "event": "premium_query", "role": "admin", "code": "ATH-P-ADMIN-55500", "question": "How many patients registered today?", "meta": {"db_name": "H022-KonnectLIS", "hospital": "AthenTech-prod"}}
{"ts": "2026-09-08T12:46:16.421932Z", "event": "premium_query", "role": "admin", "code": "ATH-P-ADMIN-55500", "question": "2025 radiology dashboard", "meta": {"db_name": "H022-KonnectLIS", "hospital": "AthenTech-prod"}}
{"ts": "2026-09-08T12:46:35.271740Z", "event": "premium_query", "role": "admin", "code": "ATH-P-ADMIN-55500", "question": "today's attapar collection", "meta": {"db_name": "H022-KonnectLIS", "hospital": "AthenTech-prod"}}
{"ts": "2026-09-08T12:46:59.684068Z", "event": "premium_query", "role": "admin", "code": "ATH-P-ADMIN-55500", "question": "Male vs female patients last month", "meta": {"db_name": "H022-KonnectLIS", "hospital": "AthenTech-prod"}}
{"ts": "2026-09-08T12:47:36.118144Z", "event": "premium_query", "role": "admin", "code": "ATH-P-ADMIN-55500", "question": "what are the some blood tests available?", "meta": {"db_name": "H022-KonnectLIS", "hospital": "AthenTech-prod"}}
{"ts": "2026-09-08T12:48:32.044554Z", "event": "premium_query", "role": "admin", "code": "ATH-P-ADMIN-55500", "question": "today's all branches collection", "meta": {"db_name": "H022-KonnectLIS", "hospital": "AthenTech-prod"}}
{"ts": "2026-09-08T12:50:10.401017Z", "event": "premium_query", "role": "admin", "code": "ATH-P-ADMIN-55500", "question": "x-ray tests?", "meta": {"db_name": "H022-KonnectLIS", "hospital": "AthenTech-prod"}}
{"ts": "2026-09-08T12:50:44.510266Z", "event": "premium_query", "role": "admin", "code": "ATH-P-ADMIN-55500", "question": "sonography tests", "meta": {"db_name": "H022-KonnectLIS", "hospital": "AthenTech-prod"}}
{"ts": "2026-09-08T12:51:04.066687Z", "event": "premium_query", "role": "admin", "code": "ATH-P-ADMIN-55500", "question": "CT-Scan", "meta": {"db_name": "H022-KonnectLIS", "hospital": "AthenTech-prod"}}
{"ts": "2026-09-08T12:51:15.990510Z", "event": "premium_query", "role": "admin", "code": "ATH-P-ADMIN-55500", "question": "CT-scan tests?", "meta": {"db_name": "H022-KonnectLIS", "hospital": "AthenTech-prod"}}
{"ts": "2026-09-08T12:51:57.800918Z", "event": "premium_query", "role": "admin", "code": "ATH-P-ADMIN-55500", "question": "blood sugar tests?", "meta": {"db_name": "H022-KonnectLIS", "hospital": "AthenTech-prod"}}
{"ts": "2026-09-08T12:53:27.059192Z", "event": "premium_query", "role": "admin", "code": "ATH-P-ADMIN-55500", "question": "Department Performance", "meta": {"db_name": "H022-KonnectLIS", "hospital": "AthenTech-prod"}}
{"ts": "2026-09-09T06:11:10.539857Z", "event": "admin_login", "role": null, "code": null, "question": "", "meta": {"actor": "test123"}}
{"ts": "2026-09-09T06:12:12.824826Z", "event": "premium_query", "role": "admin", "code": "ATH-P-ADMIN-55500", "question": "radiology dashboard", "meta": {"db_name": "H022-KonnectLIS", "hospital": "AthenTech-prod"}}
{"ts": "2026-09-09T06:12:24.332704Z", "event": "premium_query", "role": "admin", "code": "ATH-P-ADMIN-55500", "question": "this month's radiology dashboard", "meta": {"db_name": "H022-KonnectLIS", "hospital": "AthenTech-prod"}}
{"ts": "2026-09-09T06:12:35.018072Z", "event": "premium_query", "role": "admin", "code": "ATH-P-ADMIN-55500", "question": "last month's radiology dashboard", "meta": {"db_name": "H022-KonnectLIS", "hospital": "AthenTech-prod"}}
{"ts": "2026-09-09T06:12:41.962061Z", "event": "premium_query", "role": "admin", "code": "ATH-P-ADMIN-55500", "question": "this year's radiology dashboard", "meta": {"db_name": "H022-KonnectLIS", "hospital": "AthenTech-prod"}}
{"ts": "2026-09-09T06:13:08.586270Z", "event": "premium_query", "role": "admin", "code": "ATH-P-ADMIN-55500", "question": "this month's Kompally collection", "meta": {"db_name": "H022-KonnectLIS", "hospital": "AthenTech-prod"}}
{"ts": "2026-09-09T06:13:39.785864Z", "event": "premium_query", "role": "admin", "code": "ATH-P-ADMIN-55500", "question": "recent patients", "meta": {"db_name": "H022-KonnectLIS", "hospital": "AthenTech-prod"}}
{"ts": "2026-09-09T06:14:05.228938Z", "event": "premium_query", "role": "admin", "code": "ATH-P-ADMIN-55500", "question": "radiology tests for CBP", "meta": {"db_name": "H022-KonnectLIS", "hospital": "AthenTech-prod"}}
{"ts": "2026-09-09T06:20:33.061906Z", "event": "premium_query", "role": "admin", "code": "ATH-P-ADMIN-55500", "question": "radiology tests for Insulin", "meta": {"db_name": "H022-KonnectLIS", "hospital": "AthenTech-prod"}}
{"ts": "2026-09-09T06:21:00.227064Z", "event": "premium_query", "role": "admin", "code": "ATH-P-ADMIN-55500", "question": "radiology tests for CBP", "meta": {"db_name": "H022-KonnectLIS", "hospital": "AthenTech-prod"}}
{"ts": "2026-09-09T06:21:12.302110Z", "event": "premium_query", "role": "admin", "code": "ATH-P-ADMIN-55500", "question": "radiology tests for CBP", "meta": {"db_name": "H022-KonnectLIS", "hospital": "AthenTech-prod"}}
{"ts": "2026-09-09T06:22:08.278860Z", "event": "premium_query", "role": "admin", "code": "ATH-P-ADMIN-55500", "question": "radiology tests for Pro Insulin", "meta": {"db_name": "H022-KonnectLIS", "hospital": "AthenTech-prod"}}
{"ts": "2026-09-09T06:23:52.172593Z", "event": "premium_query", "role": "admin", "code": "ATH-P-ADMIN-55500", "question": "Try \"radiology tests for CBC", "meta": {"db_name": "H022-KonnectLIS", "hospital": "AthenTech-prod"}}
{"ts": "2026-09-09T06:25:20.272614Z", "event": "premium_query", "role": "admin", "code": "ATH-P-ADMIN-55500", "question": "haematology dashboard", "meta": {"db_name": "H022-KonnectLIS", "hospital": "AthenTech-prod"}}
{"ts": "2026-09-09T06:25:31.962038Z", "event": "premium_query", "role": "admin", "code": "ATH-P-ADMIN-55500", "question": "radiology dashboard", "meta": {"db_name": "H022-KonnectLIS", "hospital": "AthenTech-prod"}}
{"ts": "2026-09-09T06:25:51.973796Z", "event": "premium_query", "role": "admin", "code": "ATH-P-ADMIN-55500", "question": "lab operations dashboard", "meta": {"db_name": "H022-KonnectLIS", "hospital": "AthenTech-prod"}}
{"ts": "2026-09-09T06:39:27.123914Z", "event": "premium_query", "role": "admin", "code": "ATH-P-ADMIN-55500", "question": "radiology tests for CBC", "meta": {"db_name": "H022-KonnectLIS", "hospital": "AthenTech-prod"}}
{"ts": "2026-09-09T06:39:50.891617Z", "event": "premium_query", "role": "admin", "code": "ATH-P-ADMIN-55500", "question": "this month's Bengaluru collection", "meta": {"db_name": "H022-KonnectLIS", "hospital": "AthenTech-prod"}}
{"ts": "2026-09-09T06:40:14.077561Z", "event": "premium_query", "role": "admin", "code": "ATH-P-ADMIN-55500", "question": "top referring doctors", "meta": {"db_name": "H022-KonnectLIS", "hospital": "AthenTech-prod"}}
{"ts": "2026-09-09T06:41:06.047825Z", "event": "premium_query", "role": "admin", "code": "ATH-P-ADMIN-55500", "question": "haematology dashboard", "meta": {"db_name": "H022-KonnectLIS", "hospital": "AthenTech-prod"}}
{"ts": "2026-09-09T06:41:16.839239Z", "event": "premium_query", "role": "admin", "code": "ATH-P-ADMIN-55500", "question": "biochemistry dashboard yesterday", "meta": {"db_name": "H022-KonnectLIS", "hospital": "AthenTech-prod"}}
{"ts": "2026-09-09T06:41:33.719829Z", "event": "premium_query", "role": "admin", "code": "ATH-P-ADMIN-55500", "question": "microbiology dashboard this month", "meta": {"db_name": "H022-KonnectLIS", "hospital": "AthenTech-prod"}}
{"ts": "2026-09-09T06:41:45.736889Z", "event": "premium_query", "role": "admin", "code": "ATH-P-ADMIN-55500", "question": "radiology dashboard", "meta": {"db_name": "H022-KonnectLIS", "hospital": "AthenTech-prod"}}
{"ts": "2026-09-09T06:42:03.765372Z", "event": "premium_query", "role": "admin", "code": "ATH-P-ADMIN-55500", "question": "lab dashboard today", "meta": {"db_name": "H022-KonnectLIS", "hospital": "AthenTech-prod"}}
{"ts": "2026-09-09T06:52:48.327663Z", "event": "premium_query", "role": "admin", "code": "ATH-P-ADMIN-55500", "question": "today's Kompally collection", "meta": {"db_name": "H022-KonnectLIS", "hospital": "AthenTech-prod"}}
{"ts": "2026-09-09T06:54:09.541413Z", "event": "premium_query", "role": "admin", "code": "ATH-P-ADMIN-55500", "question": "yesterday's Kompally collection", "meta": {"db_name": "H022-KonnectLIS", "hospital": "AthenTech-prod"}}
{"ts": "2026-09-09T06:55:10.205643Z", "event": "premium_query", "role": "admin", "code": "ATH-P-ADMIN-55500", "question": "Yesterday Bengaluru collection", "meta": {"db_name": "H022-KonnectLIS", "hospital": "AthenTech-prod"}}
{"ts": "2026-09-09T06:57:28.435316Z", "event": "premium_query", "role": "admin", "code": "ATH-P-ADMIN-55500", "question": "today's bengaluru collection", "meta": {"db_name": "H022-KonnectLIS", "hospital": "AthenTech-prod"}}
{"ts": "2026-09-09T06:58:57.955161Z", "event": "premium_query", "role": "admin", "code": "ATH-P-ADMIN-55500", "question": "yesterday's attapur collection", "meta": {"db_name": "H022-KonnectLIS", "hospital": "AthenTech-prod"}}
{"ts": "2026-09-09T07:00:22.255307Z", "event": "premium_query", "role": "admin", "code": "ATH-P-ADMIN-55500", "question": "today's attapur collection", "meta": {"db_name": "H022-KonnectLIS", "hospital": "AthenTech-prod"}}
{"ts": "2026-09-09T07:01:22.229752Z", "event": "premium_query", "role": "admin", "code": "ATH-P-ADMIN-55500", "question": "today jagtial collection", "meta": {"db_name": "H022-KonnectLIS", "hospital": "AthenTech-prod"}}
{"ts": "2026-09-09T07:02:58.025472Z", "event": "premium_query", "role": "admin", "code": "ATH-P-ADMIN-55500", "question": "yesterday KPHB collection", "meta": {"db_name": "H022-KonnectLIS", "hospital": "AthenTech-prod"}}
{"ts": "2026-09-09T07:03:47.466304Z", "event": "premium_query", "role": "admin", "code": "ATH-P-ADMIN-55500", "question": "today KPHB collection", "meta": {"db_name": "H022-KonnectLIS", "hospital": "AthenTech-prod"}}
{"ts": "2026-09-09T07:04:56.461535Z", "event": "premium_query", "role": "admin", "code": "ATH-P-ADMIN-55500", "question": "yesterday uppal collection", "meta": {"db_name": "H022-KonnectLIS", "hospital": "AthenTech-prod"}}
{"ts": "2026-09-09T07:13:08.531812Z", "event": "premium_query", "role": "admin", "code": "ATH-P-ADMIN-55500", "question": "haematology dashboard", "meta": {"db_name": "H022-KonnectLIS", "hospital": "AthenTech-prod"}}
{"ts": "2026-09-09T07:13:25.433050Z", "event": "premium_query", "role": "admin", "code": "ATH-P-ADMIN-55500", "question": "radiology dashboard", "meta": {"db_name": "H022-KonnectLIS", "hospital": "AthenTech-prod"}}
{"ts": "2026-09-09T07:13:40.017849Z", "event": "premium_query", "role": "admin", "code": "ATH-P-ADMIN-55500", "question": "today radiology dashboard", "meta": {"db_name": "H022-KonnectLIS", "hospital": "AthenTech-prod"}}
{"ts": "2026-09-09T07:13:55.324337Z", "event": "premium_query", "role": "admin", "code": "ATH-P-ADMIN-55500", "question": "this month's radiology dashboard", "meta": {"db_name": "H022-KonnectLIS", "hospital": "AthenTech-prod"}}
{"ts": "2026-09-09T07:14:38.164574Z", "event": "premium_query", "role": "admin", "code": "ATH-P-ADMIN-55500", "question": "today's Attapur collection", "meta": {"db_name": "H022-KonnectLIS", "hospital": "AthenTech-prod"}}
{"ts": "2026-09-09T07:14:53.599290Z", "event": "premium_query", "role": "admin", "code": "ATH-P-ADMIN-55500", "question": "recent patients", "meta": {"db_name": "H022-KonnectLIS", "hospital": "AthenTech-prod"}}
{"ts": "2026-09-09T07:15:33.404580Z", "event": "premium_query", "role": "admin", "code": "ATH-P-ADMIN-55500", "question": "top referring doctors", "meta": {"db_name": "H022-KonnectLIS", "hospital": "AthenTech-prod"}}
{"ts": "2026-09-09T07:15:51.672566Z", "event": "premium_query", "role": "admin", "code": "ATH-P-ADMIN-55500", "question": "how many total patients registered this year", "meta": {"db_name": "H022-KonnectLIS", "hospital": "AthenTech-prod"}}
{"ts": "2026-09-09T07:16:50.705903Z", "event": "premium_query", "role": "admin", "code": "ATH-P-ADMIN-55500", "question": "microbiology dashboard this month", "meta": {"db_name": "H022-KonnectLIS", "hospital": "AthenTech-prod"}}
{"ts": "2026-09-09T07:17:10.958231Z", "event": "premium_query", "role": "admin", "code": "ATH-P-ADMIN-55500", "question": "Haematology dashboard this month", "meta": {"db_name": "H022-KonnectLIS", "hospital": "AthenTech-prod"}}
{"ts": "2026-09-09T07:17:32.608920Z", "event": "premium_query", "role": "admin", "code": "ATH-P-ADMIN-55500", "question": "biochemistry dashboard July month", "meta": {"db_name": "H022-KonnectLIS", "hospital": "AthenTech-prod"}}
{"ts": "2026-09-09T07:17:45.269768Z", "event": "premium_query", "role": "admin", "code": "ATH-P-ADMIN-55500", "question": "biochemistry dashboard last month", "meta": {"db_name": "H022-KonnectLIS", "hospital": "AthenTech-prod"}}
{"ts": "2026-09-09T07:18:07.287215Z", "event": "premium_query", "role": "admin", "code": "ATH-P-ADMIN-55500", "question": "radiology dashboard 16 August 2026", "meta": {"db_name": "H022-KonnectLIS", "hospital": "AthenTech-prod"}}
{"ts": "2026-09-09T07:18:31.398401Z", "event": "premium_query", "role": "admin", "code": "ATH-P-ADMIN-55500", "question": "today's radiology dashboard", "meta": {"db_name": "H022-KonnectLIS", "hospital": "AthenTech-prod"}}
{"ts": "2026-09-09T07:39:47.488313Z", "event": "premium_query", "role": "admin", "code": "ATH-P-ADMIN-55500", "question": "how many samples have reached result entry stage this month", "meta": {"db_name": "H022-KonnectLIS", "hospital": "AthenTech-prod"}}
{"ts": "2026-09-09T07:40:11.222720Z", "event": "premium_query", "role": "admin", "code": "ATH-P-ADMIN-55500", "question": "how many samples are authenticated by doctors today", "meta": {"db_name": "H022-KonnectLIS", "hospital": "AthenTech-prod"}}
{"ts": "2026-09-09T07:40:29.485410Z", "event": "premium_query", "role": "admin", "code": "ATH-P-ADMIN-55500", "question": "radiology dashboard", "meta": {"db_name": "H022-KonnectLIS", "hospital": "AthenTech-prod"}}
{"ts": "2026-09-09T07:40:44.429449Z", "event": "premium_query", "role": "admin", "code": "ATH-P-ADMIN-55500", "question": "how many samples are authenticated by doctors last month", "meta": {"db_name": "H022-KonnectLIS", "hospital": "AthenTech-prod"}}
{"ts": "2026-09-09T07:40:55.789992Z", "event": "premium_query", "role": "admin", "code": "ATH-P-ADMIN-55500", "question": "haematology dashboard", "meta": {"db_name": "H022-KonnectLIS", "hospital": "AthenTech-prod"}}
{"ts": "2026-09-09T07:41:08.121962Z", "event": "premium_query", "role": "admin", "code": "ATH-P-ADMIN-55500", "question": "this month's collection breakdown by mode", "meta": {"db_name": "H022-KonnectLIS", "hospital": "AthenTech-prod"}}
{"ts": "2026-09-09T07:45:59.110287Z", "event": "premium_query", "role": "admin", "code": "ATH-P-ADMIN-55500", "question": "radiology dashboard", "meta": {"db_name": "H022-KonnectLIS", "hospital": "AthenTech-prod"}}
{"ts": "2026-09-09T07:46:14.354041Z", "event": "premium_query", "role": "admin", "code": "ATH-P-ADMIN-55500", "question": "yesterday's radiology dashboard", "meta": {"db_name": "H022-KonnectLIS", "hospital": "AthenTech-prod"}}
{"ts": "2026-09-09T07:50:07.450269Z", "event": "premium_query", "role": "admin", "code": "ATH-P-ADMIN-55500", "question": "radiology dashboard", "meta": {"db_name": "H022-KonnectLIS", "hospital": "AthenTech-prod"}}
{"ts": "2026-09-09T07:51:17.775661Z", "event": "premium_query", "role": "admin", "code": "ATH-P-ADMIN-55500", "question": "yesterday's radiology dashbaord", "meta": {"db_name": "H022-KonnectLIS", "hospital": "AthenTech-prod"}}
{"ts": "2026-09-09T07:51:31.567474Z", "event": "premium_query", "role": "admin", "code": "ATH-P-ADMIN-55500", "question": "radiology dashbaord", "meta": {"db_name": "H022-KonnectLIS", "hospital": "AthenTech-prod"}}
{"ts": "2026-09-09T07:51:39.294981Z", "event": "premium_query", "role": "admin", "code": "ATH-P-ADMIN-55500", "question": "radiology dashbaord", "meta": {"db_name": "H022-KonnectLIS", "hospital": "AthenTech-prod"}}
{"ts": "2026-09-09T07:52:44.351719Z", "event": "premium_query", "role": "admin", "code": "ATH-P-ADMIN-55500", "question": "radiology dashboard", "meta": {"db_name": "H022-KonnectLIS", "hospital": "AthenTech-prod"}}
{"ts": "2026-09-09T07:52:55.645935Z", "event": "premium_query", "role": "admin", "code": "ATH-P-ADMIN-55500", "question": "yesterday's radiology dashboard", "meta": {"db_name": "H022-KonnectLIS", "hospital": "AthenTech-prod"}}
{"ts": "2026-09-09T07:53:05.634600Z", "event": "premium_query", "role": "admin", "code": "ATH-P-ADMIN-55500", "question": "today's radiology dashboard", "meta": {"db_name": "H022-KonnectLIS", "hospital": "AthenTech-prod"}}
{"ts": "2026-09-09T07:53:17.567961Z", "event": "premium_query", "role": "admin", "code": "ATH-P-ADMIN-55500", "question": "this month's radiology dashboard", "meta": {"db_name": "H022-KonnectLIS", "hospital": "AthenTech-prod"}}
{"ts": "2026-09-09T07:53:29.492299Z", "event": "premium_query", "role": "admin", "code": "ATH-P-ADMIN-55500", "question": "this year's radiology dashboard", "meta": {"db_name": "H022-KonnectLIS", "hospital": "AthenTech-prod"}}
{"ts": "2026-09-09T07:58:17.197426Z", "event": "premium_query", "role": "admin", "code": "ATH-P-ADMIN-55500", "question": "today alwal collection", "meta": {"db_name": "H022-KonnectLIS", "hospital": "AthenTech-prod"}}
{"ts": "2026-09-09T08:04:58.996464Z", "event": "premium_query", "role": "admin", "code": "ATH-P-ADMIN-55500", "question": "today's bengaluru collection", "meta": {"db_name": "H022-KonnectLIS", "hospital": "AthenTech-prod"}}
{"ts": "2026-09-09T08:05:51.950324Z", "event": "premium_query", "role": "admin", "code": "ATH-P-ADMIN-55500", "question": "yesterday bengaluru collection", "meta": {"db_name": "H022-KonnectLIS", "hospital": "AthenTech-prod"}}
{"ts": "2026-09-09T08:08:02.993398Z", "event": "premium_query", "role": "admin", "code": "ATH-P-ADMIN-55500", "question": "Jagtial April collection", "meta": {"db_name": "H022-KonnectLIS", "hospital": "AthenTech-prod"}}
{"ts": "2026-09-09T08:08:31.197570Z", "event": "premium_query", "role": "admin", "code": "ATH-P-ADMIN-55500", "question": "jagtial april collection", "meta": {"db_name": "H022-KonnectLIS", "hospital": "AthenTech-prod"}}
{"ts": "2026-09-09T08:08:50.105611Z", "event": "premium_query", "role": "admin", "code": "ATH-P-ADMIN-55500", "question": "bengaluru april collection", "meta": {"db_name": "H022-KonnectLIS", "hospital": "AthenTech-prod"}}
{"ts": "2026-09-09T08:13:08.863382Z", "event": "premium_query", "role": "admin", "code": "ATH-P-ADMIN-55500", "question": "attapur may collection", "meta": {"db_name": "H022-KonnectLIS", "hospital": "AthenTech-prod"}}
{"ts": "2026-09-09T08:16:48.247829Z", "event": "premium_query", "role": "admin", "code": "ATH-P-ADMIN-55500", "question": "suryapet may 2026 collection", "meta": {"db_name": "H022-KonnectLIS", "hospital": "AthenTech-prod"}}
{"ts": "2026-09-09T08:22:29.818780Z", "event": "premium_query", "role": "admin", "code": "ATH-P-ADMIN-55500", "question": "Jagtial April 2026 collection", "meta": {"db_name": "H022-KonnectLIS", "hospital": "AthenTech-prod"}}
{"ts": "2026-09-09T08:31:19.415299Z", "event": "premium_query", "role": "admin", "code": "ATH-P-ADMIN-55500", "question": "show distinct LOCATION values in trntempdaycollall matching Jagtial", "meta": {"db_name": "H022-KonnectLIS", "hospital": "AthenTech-prod"}}
{"ts": "2026-09-09T08:33:10.694869Z", "event": "premium_query", "role": "admin", "code": "ATH-P-ADMIN-55500", "question": "today jagtial collection", "meta": {"db_name": "H022-KonnectLIS", "hospital": "AthenTech-prod"}}
{"ts": "2026-09-09T08:33:44.939758Z", "event": "premium_query", "role": "admin", "code": "ATH-P-ADMIN-55500", "question": "september 1 jagtial collection", "meta": {"db_name": "H022-KonnectLIS", "hospital": "AthenTech-prod"}}
{"ts": "2026-09-09T08:36:26.179611Z", "event": "premium_query", "role": "admin", "code": "ATH-P-ADMIN-55500", "question": "september 2 jagtial collection", "meta": {"db_name": "H022-KonnectLIS", "hospital": "AthenTech-prod"}}
{"ts": "2026-09-09T08:39:43.075939Z", "event": "premium_query", "role": "admin", "code": "ATH-P-ADMIN-55500", "question": "september 8 jagtial collection", "meta": {"db_name": "H022-KonnectLIS", "hospital": "AthenTech-prod"}}
{"ts": "2026-09-09T08:40:06.576088Z", "event": "premium_query", "role": "admin", "code": "ATH-P-ADMIN-55500", "question": "yesterday jagtial collection", "meta": {"db_name": "H022-KonnectLIS", "hospital": "AthenTech-prod"}}
{"ts": "2026-09-09T08:44:41.341001Z", "event": "premium_query", "role": "admin", "code": "ATH-P-ADMIN-55500", "question": "yesterday jagtial collection", "meta": {"db_name": "H022-KonnectLIS", "hospital": "AthenTech-prod"}}
{"ts": "2026-09-09T08:47:35.699920Z", "event": "premium_query", "role": "admin", "code": "ATH-P-ADMIN-55500", "question": "for Jagtial yesterday, show SUM(PAIDAMOUNT) grouped by TYPE, split by MODE too", "meta": {"db_name": "H022-KonnectLIS", "hospital": "AthenTech-prod"}}
{"ts": "2026-09-09T08:50:41.327088Z", "event": "premium_query", "role": "admin", "code": "ATH-P-ADMIN-55500", "question": "attapur yesterday collection", "meta": {"db_name": "H022-KonnectLIS", "hospital": "AthenTech-prod"}}
{"ts": "2026-09-09T08:51:59.910469Z", "event": "premium_query", "role": "admin", "code": "ATH-P-ADMIN-55500", "question": "today's attapur collection", "meta": {"db_name": "H022-KonnectLIS", "hospital": "AthenTech-prod"}}
{"ts": "2026-09-09T08:53:17.876235Z", "event": "premium_query", "role": "admin", "code": "ATH-P-ADMIN-55500", "question": "today medchal collection", "meta": {"db_name": "H022-KonnectLIS", "hospital": "AthenTech-prod"}}
{"ts": "2026-09-09T08:54:04.395804Z", "event": "premium_query", "role": "admin", "code": "ATH-P-ADMIN-55500", "question": "today warrangal collection", "meta": {"db_name": "H022-KonnectLIS", "hospital": "AthenTech-prod"}}
{"ts": "2026-09-09T08:54:26.411484Z", "event": "premium_query", "role": "admin", "code": "ATH-P-ADMIN-55500", "question": "today warangal collection", "meta": {"db_name": "H022-KonnectLIS", "hospital": "AthenTech-prod"}}
{"ts": "2026-09-09T08:55:45.823139Z", "event": "premium_query", "role": "admin", "code": "ATH-P-ADMIN-55500", "question": "april attapur collection", "meta": {"db_name": "H022-KonnectLIS", "hospital": "AthenTech-prod"}}
{"ts": "2026-09-09T08:56:44.052966Z", "event": "premium_query", "role": "admin", "code": "ATH-P-ADMIN-55500", "question": "april medchal collection", "meta": {"db_name": "H022-KonnectLIS", "hospital": "AthenTech-prod"}}
{"ts": "2026-09-09T08:57:59.407786Z", "event": "premium_query", "role": "admin", "code": "ATH-P-ADMIN-55500", "question": "may suryapet collection", "meta": {"db_name": "H022-KonnectLIS", "hospital": "AthenTech-prod"}}
{"ts": "2026-09-09T08:59:30.957456Z", "event": "premium_query", "role": "admin", "code": "ATH-P-ADMIN-55500", "question": "today all branches collection", "meta": {"db_name": "H022-KonnectLIS", "hospital": "AthenTech-prod"}}
{"ts": "2026-09-09T09:07:06.746924Z", "event": "premium_query", "role": "admin", "code": "ATH-P-ADMIN-55500", "question": "may 2026 all branches collection", "meta": {"db_name": "H022-KonnectLIS", "hospital": "AthenTech-prod"}}
{"ts": "2026-09-09T09:07:50.451025Z", "event": "premium_query", "role": "admin", "code": "ATH-P-ADMIN-55500", "question": "april all branches collection", "meta": {"db_name": "H022-KonnectLIS", "hospital": "AthenTech-prod"}}
{"ts": "2026-09-09T09:09:12.281487Z", "event": "premium_query", "role": "admin", "code": "ATH-P-ADMIN-55500", "question": "last month all branches collection", "meta": {"db_name": "H022-KonnectLIS", "hospital": "AthenTech-prod"}}
{"ts": "2026-09-09T09:09:35.047506Z", "event": "premium_query", "role": "admin", "code": "ATH-P-ADMIN-55500", "question": "this month's Jagtial collection using daycollection_mobileapp", "meta": {"db_name": "H022-KonnectLIS", "hospital": "AthenTech-prod"}}
{"ts": "2026-09-09T09:10:04.778707Z", "event": "premium_query", "role": "admin", "code": "ATH-P-ADMIN-55500", "question": "this month's Jagtial collection", "meta": {"db_name": "H022-KonnectLIS", "hospital": "AthenTech-prod"}}
{"ts": "2026-09-09T09:13:34.620994Z", "event": "premium_query", "role": "admin", "code": "ATH-P-ADMIN-55500", "question": "describe daycollection_mobileapp", "meta": {"db_name": "H022-KonnectLIS", "hospital": "AthenTech-prod"}}
{"ts": "2026-09-09T09:15:23.020048Z", "event": "premium_query", "role": "admin", "code": "ATH-P-ADMIN-55500", "question": "show TOTALCASHREC, PAIDBUSINESS, PREVDUECASH, LOCATIONID from daycollection_mobileapp for Attapur yesterday", "meta": {"db_name": "H022-KonnectLIS", "hospital": "AthenTech-prod"}}
{"ts": "2026-09-09T09:16:00.629078Z", "event": "premium_query", "role": "admin", "code": "ATH-P-ADMIN-55500", "question": "show distinct LOCATIONID values from daycollection_mobileapp", "meta": {"db_name": "H022-KonnectLIS", "hospital": "AthenTech-prod"}}
{"ts": "2026-09-09T09:42:29.299966Z", "event": "premium_query", "role": "admin", "code": "ATH-P-ADMIN-55500", "question": "last month all branches collection", "meta": {"db_name": "H022-KonnectLIS", "hospital": "AthenTech-prod"}}
{"ts": "2026-09-09T09:43:03.654222Z", "event": "premium_query", "role": "admin", "code": "ATH-P-ADMIN-55500", "question": "last month all branches money collection", "meta": {"db_name": "H022-KonnectLIS", "hospital": "AthenTech-prod"}}
{"ts": "2026-09-09T09:43:59.532824Z", "event": "premium_query", "role": "admin", "code": "ATH-P-ADMIN-55500", "question": "may 2026 suryapet collection", "meta": {"db_name": "H022-KonnectLIS", "hospital": "AthenTech-prod"}}
{"ts": "2026-09-09T09:47:43.539460Z", "event": "premium_query", "role": "admin", "code": "ATH-P-ADMIN-55500", "question": "what is the earliest and latest DATE in daycollection_mobileapp", "meta": {"db_name": "H022-KonnectLIS", "hospital": "AthenTech-prod"}}
{"ts": "2026-09-09T09:49:04.120114Z", "event": "premium_query", "role": "admin", "code": "ATH-P-ADMIN-55500", "question": "run this exact query: SELECT CONVERT(varchar, MIN(DATE), 23) AS EarliestDate, CONVERT(varchar, MAX(DATE), 23) AS LatestD", "meta": {"db_name": "H022-KonnectLIS", "hospital": "AthenTech-prod"}}
{"ts": "2026-09-09T09:51:20.337997Z", "event": "premium_query", "role": "admin", "code": "ATH-P-ADMIN-55500", "question": "last month all branches money collection", "meta": {"db_name": "H022-KonnectLIS", "hospital": "AthenTech-prod"}}
{"ts": "2026-09-09T09:52:07.627334Z", "event": "premium_query", "role": "admin", "code": "ATH-P-ADMIN-55500", "question": "march all branches money collection", "meta": {"db_name": "H022-KonnectLIS", "hospital": "AthenTech-prod"}}
{"ts": "2026-09-09T09:53:13.345813Z", "event": "premium_query", "role": "admin", "code": "ATH-P-ADMIN-55500", "question": "november 2025 all branches money collection", "meta": {"db_name": "H022-KonnectLIS", "hospital": "AthenTech-prod"}}
{"ts": "2026-09-09T09:57:42.832296Z", "event": "premium_query", "role": "admin", "code": "ATH-P-ADMIN-55500", "question": "haemotology dashboard", "meta": {"db_name": "H022-KonnectLIS", "hospital": "AthenTech-prod"}}
{"ts": "2026-09-09T09:57:54.811379Z", "event": "premium_query", "role": "admin", "code": "ATH-P-ADMIN-55500", "question": "biochemical dashboard", "meta": {"db_name": "H022-KonnectLIS", "hospital": "AthenTech-prod"}}
{"ts": "2026-09-09T09:58:07.487210Z", "event": "premium_query", "role": "admin", "code": "ATH-P-ADMIN-55500", "question": "radiology dahboard", "meta": {"db_name": "H022-KonnectLIS", "hospital": "AthenTech-prod"}}
{"ts": "2026-09-09T09:58:24.692253Z", "event": "premium_query", "role": "admin", "code": "ATH-P-ADMIN-55500", "question": "last month radiology dahboard", "meta": {"db_name": "H022-KonnectLIS", "hospital": "AthenTech-prod"}}
{"ts": "2026-09-09T09:59:40.785699Z", "event": "premium_query", "role": "admin", "code": "ATH-P-ADMIN-55500", "question": "haematology dashboard", "meta": {"db_name": "H022-KonnectLIS", "hospital": "AthenTech-prod"}}
{"ts": "2026-09-09T10:00:00.158404Z", "event": "premium_query", "role": "admin", "code": "ATH-P-ADMIN-55500", "question": "biochemistry dashboard", "meta": {"db_name": "H022-KonnectLIS", "hospital": "AthenTech-prod"}}
{"ts": "2026-09-09T10:00:28.413015Z", "event": "premium_query", "role": "admin", "code": "ATH-P-ADMIN-55500", "question": "suryapet biochemistry dashboard", "meta": {"db_name": "H022-KonnectLIS", "hospital": "AthenTech-prod"}}
{"ts": "2026-09-09T10:00:46.613612Z", "event": "premium_query", "role": "admin", "code": "ATH-P-ADMIN-55500", "question": "this month radiology dashboard", "meta": {"db_name": "H022-KonnectLIS", "hospital": "AthenTech-prod"}}
{"ts": "2026-09-09T10:00:56.834673Z", "event": "premium_query", "role": "admin", "code": "ATH-P-ADMIN-55500", "question": "last month radiology dashboard", "meta": {"db_name": "H022-KonnectLIS", "hospital": "AthenTech-prod"}}
{"ts": "2026-09-09T10:01:30.760633Z", "event": "premium_query", "role": "admin", "code": "ATH-P-ADMIN-55500", "question": "cytology dashboard", "meta": {"db_name": "H022-KonnectLIS", "hospital": "AthenTech-prod"}}
{"ts": "2026-09-09T10:01:58.723323Z", "event": "premium_query", "role": "admin", "code": "ATH-P-ADMIN-55500", "question": "pathology dashboard", "meta": {"db_name": "H022-KonnectLIS", "hospital": "AthenTech-prod"}}
{"ts": "2026-09-09T10:02:09.784708Z", "event": "premium_query", "role": "admin", "code": "ATH-P-ADMIN-55500", "question": "last month pathology dashboard", "meta": {"db_name": "H022-KonnectLIS", "hospital": "AthenTech-prod"}}
{"ts": "2026-09-09T10:10:00.952846Z", "event": "premium_query", "role": "admin", "code": "ATH-P-ADMIN-55500", "question": "Uppal biochemistry dashboard", "meta": {"db_name": "H022-KonnectLIS", "hospital": "AthenTech-prod"}}
{"ts": "2026-09-09T10:10:12.357276Z", "event": "premium_query", "role": "admin", "code": "ATH-P-ADMIN-55500", "question": "may 2026 Uppal biochemistry dashboard", "meta": {"db_name": "H022-KonnectLIS", "hospital": "AthenTech-prod"}}
{"ts": "2026-09-09T10:10:35.359759Z", "event": "premium_query", "role": "admin", "code": "ATH-P-ADMIN-55500", "question": "Uppal biochemistry may 2026 dashboard", "meta": {"db_name": "H022-KonnectLIS", "hospital": "AthenTech-prod"}}
{"ts": "2026-09-09T10:11:37.348282Z", "event": "premium_query", "role": "admin", "code": "ATH-P-ADMIN-55500", "question": "attapur cardiology dashboard", "meta": {"db_name": "H022-KonnectLIS", "hospital": "AthenTech-prod"}}
{"ts": "2026-09-09T10:12:06.218896Z", "event": "premium_query", "role": "admin", "code": "ATH-P-ADMIN-55500", "question": "alwal serology dashboard", "meta": {"db_name": "H022-KonnectLIS", "hospital": "AthenTech-prod"}}
{"ts": "2026-09-09T10:12:35.590925Z", "event": "premium_query", "role": "admin", "code": "ATH-P-ADMIN-55500", "question": "bengaluru histopathology dashboard", "meta": {"db_name": "H022-KonnectLIS", "hospital": "AthenTech-prod"}}
{"ts": "2026-09-09T10:13:31.621477Z", "event": "premium_query", "role": "admin", "code": "ATH-P-ADMIN-55500", "question": "biochemistry dashboard", "meta": {"db_name": "H022-KonnectLIS", "hospital": "AthenTech-prod"}}
